TERM_REDUCED,SECTION,FREQ
"access delay; articulation band correlation modified rhyme test (abc-mrt); a-weight; encryption; key performance indicator (kpi); land mobile radio (lmr); latency; long term evolution (lte); mission critical push-to-talk (mcptt); modified rhyme test (mrt); mouth-to-ear (m2e); packetized; project 25 (p25); public safety; push-to-talk (ptt); quality of experience
"Carl G Simon, Jr.",Fullname,1
"Simon, Jr. G Simon, Jr.",Lastname,1
(qoe); receive; streaming; transmit; vocoder",Keyword,1
15-5 stainless steel,Keyword,1
16 cfr part 1633,Keyword,1
24r,Keyword,2
25-dihydroxyvitamin d3,Keyword,2
25-hydroxyvitamin d,Keyword,1
25-hydroxyvitamin d2,Keyword,2
25-hydroxyvitamin d3,Keyword,2
3-epi-25-hydroxyvitamin d3,Keyword,2
3.5 ghz band,Keyword,1
3.5 ghz,Keyword,5
3.5 ghz; cbrs; coexistence,Keyword,1
3.5 ghz; cbrs; environmental sensing capability (esc) sensor; radar; dynamic protection area (dpa),Keyword,1
3.5 ghz; cbrs; federal incumbent; move list,Keyword,1
3.5 ghz; cbrs; radar; detection; deep learning; radio frequency signals; spectrum; mlsa,Keyword,1
3.5 ghz; cbrs; sas-cbsd protocol,Keyword,1
3d-printing,Keyword,1
3d build; additive manufacturing; in625; nickel super alloy 625; powder bed fusion; temperature measurement; thermography; overhangs; reference artifact; model validation,Keyword,1
3d interest points,Keyword,2
3d models,Keyword,8
3d non-rigid models,Keyword,1
3d non-rigid shape retrieval,Keyword,1
3d range scans,Keyword,1
3d salient points,Keyword,1
3d scanners,Keyword,1
3d shape analysis,Keyword,6
3d shape retrieval,Keyword,9
3d topography,Keyword,1
5-amino-2-(p-aminophenyl) benzimidazole,Keyword,1
5g technology; channel sounder; millimeter-wave wireless communication; propagation channel; system timing,Keyword,1
5g,Keyword,2
73_EL_Data@nist.gov,ContactPoint,1
8 bit gray scales,Keyword,1
800-53,Keyword,1
802.11,Keyword,1
A. Holmgren,Fullname,1
A. R. Peskin,Fullname,1
Aaron Forster,ContactPoint,1
Aaron Gilad Kusne,ContactPoint,1
Aaron M. Hagerstrom,Fullname,1
ab initio thermochemistry; atomization energies; bond dissociation energies; enthalpy of formation; hydrogen-oxygen species; thermochemical network; thermodynamic properties.,Keyword,1
ab initio,Keyword,3
Abneesh Srivastava,ContactPoint,1
absolute configurations,Keyword,1
absorbed energy,Keyword,1
absorption spectra,Keyword,1
accelerometer,Keyword,1
accelerometry,Keyword,1
access delay; access time; articulation band correlation modified rhyme test (abc-mrt); audio; communications; delay; device to device (d2d); direct mode; handset;key performance indicator (kpi); land mobile radio (lmr); latency; mission criticalpush  to  talk  (mcptt);  mission  critical  voice  (mcv);  modified  rhyme  test  (mrt);mouth-to-ear (m2e); project 25 (p25); proximity services (prose); public safety; pushto talk (ptt); quality of experience (qoe); quality of service (qos); repeater;  rootmean square error (rmse); sidelink; trunked mode.,Keyword,2
access time,Keyword,2
accolades,Keyword,1
accreditation,Keyword,1
accuracy degradation,Keyword,1
acentric factors,Keyword,2
acetone,Keyword,1
acids,Keyword,1
acquired-immuno-deficiency-syndrome-inhibitor,Keyword,1
actinium,Keyword,5
active evaluation,Keyword,1
Adam Abel Creuziger,ContactPoint,1
Adam Cox,Fullname,1
Adam Creuziger,ContactPoint,1
Adam Fleisher,ContactPoint,3
Adam J. Wunderlich,Fullname,1
Adam L. Pintar,ContactPoint,1
Adam Wunderlich,ContactPoint,2
Adam Wunderlich,Fullname,1
adapting strip,Keyword,1
adaptive integration,Keyword,1
adaptive mesh refinement,Keyword,1
additive manufacturing benchmark test series (am-bench),Keyword,1
additive manufacturing,Keyword,9
additive manufacturing; astm f75; laser-powder-bed fusion; yield strength.,Keyword,1
additive manufacturing; defect; x-ray computed tomography; laser powder bed fusion;,Keyword,1
additive manufacturing; laser powder bed fusion; process monitoring; melt pool imaging;,Keyword,1
additive manufacturing; laser powder bed fusion; selective laser melting; process monitoring;,Keyword,1
additive manufacturing; laser powder bed fusion; selective laser melting;,Keyword,1
additive manufacturing; laser powder bed fusion; x-ray computed tomography;,Keyword,1
adiabatics,Keyword,2
adopted values,Keyword,1
adsorbate,Keyword,1
adsorbent,Keyword,2
adsorption,Keyword,2
adult nutritional formula,Keyword,1
advanced ceramics,Keyword,2
advanced communications,Topic,34
advanced functional materials,Keyword,1
advanced imaging,Keyword,1
advanced line profiles,Keyword,1
advanced materials,Keyword,34
advanced metering infrastructure,Keyword,1
advanced spectroscopic line shapes,Keyword,1
advanced therapy,Keyword,1
adversarial machine learning,Keyword,1
aeronautical mobile telemetry,Keyword,1
aerosol,Keyword,1
Afzal A. Godil,ContactPoint,15
aga-8,Keyword,2
aga-8; benedict webb rubin; cfcs; excels; fortran; gerg 2004; gerg 2008; gibbs; gruneisen; hcfcs; hfcs; joule-thomson; lennard jones; mbwr; pitzer; second cross virial coefficient; acentric factors; adiabatics; air; air conditioning; air conductivities; air densities; air viscosities; alternative refrigerants; azeotropes; binaries; binary mixtures; biodiesels; biofuels; boiling points; boilings; butenes; calorific values; chemical engineering; chemical potentials; chemicals; chemistry; chlorofluorocarbons; compressed natural gases; conductivity functions; cooling equipment; critical flow factors; criticals; cryogen; cryogenics; energies; equations of state; excess values; extended corresponding states; fatty acid methyl esters; fluids; fluorinated; freons; fugacity coefficients; fundamentals; gas and oil; gas phases; gaseous; gases; graphical interfaces; greenhouse gases; gross heating values; heats; heavy waters; hydrocarbons; hydrochlorofluorocarbons; hydrofluorocarbons; hydrogen fuel cells; interaction parameters; liquid equilibria; liquified natural gases; mechanical engineering; mixtures; modelings; molar masses; natural gases; net heating values; normal hydrogens; nuclear magnetic resonance; orthohydrogens; ozone depletions; parahydrogens; phase boundaries; phase diagrams; phase equilibria; physical; physics; pseudo pure fluids; pure fluids; reference states; refrigerants; refrigerations; saturated; siloxanes; software; sound speeds; specific heat inputs; states; substances; supercritical co2; thermal; thermo chemistry; thermo physical; thermochemical data; thermodynamic data; thermodynamic properties; thermodynamics; thermophysical data; thermophysical properties; thermophysics; thermos; transport equations; transport properties; transport property data; triples; vapor; vapor compression cycles; water densities; water properties; water vapor pressures,Keyword,1
aggregate interference,Keyword,2
agv,Keyword,1
ai,Keyword,1
aids-protein-crystal-structure,Keyword,1
air-conditioner data,Keyword,1
air conditioner,Keyword,1
air conditioning,Keyword,4
air conditioning; coefficient of performance; cycle simulation; refrigerants; thermodynamic properties; transport properties; vapor compression; volumetric capacity.,Keyword,1
air conductivities,Keyword,2
air densities,Keyword,2
air viscosities,Keyword,2
air,Keyword,4
Al-Naqshabandi A. Al-Naqshabandi,Lastname,1
alcohols,Keyword,1
Alden A. Dima,ContactPoint,1
Alden Dima,Fullname,1
Alden Dima,Lastname,1
Alexander Grishaev,Fullname,1
Alexander Kramida,ContactPoint,8
Alexandre Moreaux,Fullname,1
Alfonso Espada,Fullname,1
algorithmic techniques,Keyword,1
algorithms,Keyword,2
alicyclic compounds,Keyword,1
alkanes,Keyword,1
alkanols,Keyword,1
Allan H. Harvey,ContactPoint,5
Allan H. Harvey,Fullname,4
allele frequency,Keyword,1
Allen Golbig,Fullname,1
allostery,Keyword,1
alloy,Keyword,1
alpha particles,Keyword,1
alpha quartz,Keyword,1
alternative refrigerants,Keyword,4
alumina,Keyword,2
aluminium,Keyword,4
aluminum,Keyword,7
Amanda Forster,ContactPoint,1
Amanda Forster,Fullname,2
Amanda L. Forster,ContactPoint,2
ambench 2018,Keyword,2
ambench,Keyword,2
Amber Burns,Fullname,1
americium,Keyword,5
ammonium compounds,Keyword,1
ammonium,Keyword,1
amount of substance,Keyword,1
Amy Engelbrecht-Wiggans,ContactPoint,4
Amy Engelbrecht-Wiggans,Fullname,2
Amy Mensch,ContactPoint,1
analysis of variance,Keyword,1
analytical electron microscopy,Keyword,2
and air conditioning; water heating;,Keyword,2
Anderson Anderson,Lastname,1
Anderson W. Anderson,Lastname,2
Andrea Medina-Smith,ContactPoint,1
Andrea Medina-Smith,Fullname,1
Andy Tam,ContactPoint,1
Angel Angel,Lastname,1
Angela Lee,ContactPoint,5
Angela Y. Lee,ContactPoint,1
angle-resolved scattering,Keyword,1
anion,Keyword,7
Anirudha Sahoo,ContactPoint,5
Anirudha Sahoo,Fullname,2
Anna Karion,ContactPoint,6
Anna Karion,Fullname,3
anovas,Keyword,1
Ansgar Brock,Fullname,1
anthocyanin,Keyword,3
Anthony Hamins,ContactPoint,1
antibody-receptor interaction,Keyword,1
antimony,Keyword,6
apollo,Keyword,1
apparent-equilibrium-constants,Keyword,1
appearance energy,Keyword,1
applied mathematics; scientific computing; software components; fortran; c,Keyword,1
approach 3,Keyword,1
aqueous electrolytes,Keyword,1
aqueous solutions,Keyword,2
aqueous systems,Keyword,1
ar,Keyword,1
aramid fibers,Keyword,1
aramid,Keyword,2
arbitrary waveform generator,Keyword,1
argon,Keyword,6
Aric Sanders,ContactPoint,3
Aric Warner Sanders,Fullname,1
Arlin B. Stoltzfus,ContactPoint,1
aromatic hydrocarbons,Keyword,1
aromatic,Keyword,1
arpes,Keyword,1
array,Keyword,3
arrhenius equation,Keyword,1
arsenic species,Keyword,2
arsenic,Keyword,6
arsenosugar,Keyword,1
artificial aging,Keyword,1
artificial intelligence based modeling,Keyword,1
artificial intelligence,Keyword,2
artificial sea water,Keyword,1
Arun Chandramohan,Fullname,1
Arun Moorthy,ContactPoint,2
Arun S. Moorthy,Fullname,1
Arun S. Moorty,Fullname,1
ascii references,Keyword,2
Ashley Russell,ContactPoint,1
asian dust,Keyword,1
aspheric surfaces,Keyword,1
assembly,Keyword,2
assessment,Keyword,1
astatine,Keyword,5
astm e1447,Keyword,1
astm e23,Keyword,1
astm e3012,Keyword,1
astm e3125-17,Keyword,1
astm e3125,Keyword,1
astm,Keyword,1
astronomy,Keyword,1
atlas,Keyword,1
atmosphere,Keyword,1
atmospheric aerosol,Keyword,3
atmospheric lifetime,Keyword,1
atmospheric modeling,Keyword,5
atmospheric science,Keyword,1
atom-based fabrication,Keyword,1
atom probe microscopy,Keyword,1
atom,Keyword,5
atomic-ions,Keyword,1
atomic data,Keyword,5
atomic energy levels,Keyword,2
atomic ions,Keyword,4
atomic mass evaluation,Keyword,2
atomic number,Keyword,1
atomic physics,Keyword,10
atomic properties,Keyword,2
atomic property,Keyword,4
atomic spectra,Keyword,2
atomic spectral lines,Keyword,2
atomic spectroscopy,Keyword,9
atomic structure,Keyword,1
atomic structures,Keyword,1
atomic symbol,Keyword,1
atomic weight,Keyword,1
atomic weights,Keyword,3
atomic,Keyword,2
atomization enthalpy,Keyword,2
atoms,Keyword,1
auger-electron backscattering factors,Keyword,1
auger-electron spectroscopy,Keyword,1
auger-electron,Keyword,1
auger electron spectroscopy,Keyword,7
auger electron,Keyword,2
auger kinetic energy,Keyword,1
auger parameter,Keyword,1
austenitic steels,Keyword,1
authentication,Keyword,1
authorization,Keyword,1
automated character recognition,Keyword,3
automated data capture,Keyword,2
automated image recognition,Keyword,2
automation,Keyword,1
averages,Keyword,1
awards,Keyword,1
azeotropes,Keyword,2
Aziza Ben Mosbah,ContactPoint,1
Babakhanova Babakhanova,Lastname,1
back scattering,Keyword,1
background subtraction,Keyword,1
backscattering correction factor,Keyword,1
bacteria colony counting; pneumonia; pneumococcus; vaccine; counting software; fieldable imaging; multiplexed opsonophagocytic killing assay;,Keyword,1
Bajcsy Bajcsy,Lastname,3
baking chocolate,Keyword,1
balances,Keyword,1
Baldelli Baldelli,Lastname,1
ballistic limit,Keyword,1
ballistic materials,Keyword,1
ballistic resistance,Keyword,1
ballistics,Keyword,1
baltimore,Keyword,2
band gap,Keyword,1
Barbau Barbau,Lastname,1
barium,Keyword,7
barks correction,Keyword,1
barnett,Keyword,1
Barry I. Schneider,ContactPoint,1
basalt,Keyword,1
baseline,Keyword,1
basis functions,Keyword,2
bayes theorems,Keyword,1
bayesian computations,Keyword,1
bayesian hierarchical model,Keyword,1
bayesian statistics,Keyword,1
bayesian,Keyword,3
bca,Keyword,1
bcr,Keyword,1
beamforming,Keyword,1
bearden database,Keyword,1
beb,Keyword,1
Beck Strauss,ContactPoint,1
Becker Becker,Lastname,1
Becky Steffen,Fullname,1
bed fires,Keyword,1
Bedrich Benes,Lastname,1
Bedrick Benes,Fullname,1
Bell Bell,Lastname,1
bell test,Keyword,1
benchmark data,Keyword,3
benchmark tests,Keyword,2
benchmarking,Keyword,1
benchmarks,Keyword,3
benedict webb rubin,Keyword,2
benefit-cost analysis,Keyword,1
benefits,Keyword,1
Benjamin Caplins,ContactPoint,1
Benjamin Long,Fullname,1
Benjamin Molnar,Fullname,1
Benjamin Place,ContactPoint,3
Benjamin T. Walters,Fullname,1
berkelium,Keyword,5
beryllium,Keyword,5
best view evaluation,Keyword,1
best view selection,Keyword,1
bethe,Keyword,1
Bhat N. Bhat,Lastname,1
bibliographic data,Keyword,1
bibliographic database,Keyword,3
bibliography,Keyword,4
bidirectional reflectance,Keyword,1
Biggs Biggs,Lastname,2
bilateral,Keyword,2
Bill Angel,Fullname,1
Bill Paplawsky,Fullname,1
bim,Keyword,1
binaries,Keyword,2
binary encounter bethe,Keyword,1
binary image databases,Keyword,2
binary mixtures,Keyword,3
binary,Keyword,1
binding energies,Keyword,1
binomial statistics,Keyword,1
bio-technology-thermodynamics-property,Keyword,1
bio technology,Keyword,1
biodiesels,Keyword,2
biofuel-protein-structure,Keyword,1
biofuels,Keyword,2
bioinformatics,Keyword,2
biological-reaction-energy,Keyword,1
biological fluids,Keyword,1
biological measurements,Keyword,1
biological,Keyword,1
biology,Keyword,1
biomanufacturing,Keyword,1
biomarkers,Keyword,1
biometrics,Keyword,6
bioscience,Topic,15
biosciences and health,Keyword,16
biotechnology,Keyword,2
bismuth,Keyword,5
bitcoin,Keyword,1
Black Black,Lastname,1
black carbon,Keyword,1
Blair Heiserman,Fullname,1
Blake Blake,Lastname,1
bler   curves,Keyword,1
block correction,Keyword,1
blockchain,Keyword,1
bloods,Keyword,1
blueberry,Keyword,1
Bob Gendler,ContactPoint,1
Bock Bock,Lastname,1
body armor,Keyword,4
bohrium,Keyword,5
boiling point,Keyword,1
boiling points,Keyword,2
boilings,Keyword,2
bond angle,Keyword,2
bond length,Keyword,2
Boonserm Kulvatunyou,ContactPoint,2
borate base glasses,Keyword,2
borides,Keyword,1
Boris Wilthan,ContactPoint,1
boron,Keyword,5
Borsuk Borsuk,Lastname,1
bose-einstein condensates,Keyword,1
bottom-up emissions inventory,Keyword,3
bottom-up inventory,Keyword,2
Bou-Assaf M. Bou-Assaf,Lastname,1
Brady Brady,Lastname,2
Brandon Lane,ContactPoint,9
Brandon Lane,Fullname,4
brdf,Keyword,1
bremsstrahlung,Keyword,3
Brian A. Weiss,ContactPoint,1
Brian Maranville,ContactPoint,2
bright-field microscopy,Keyword,2
Brock Brock,Lastname,1
Brodjieski Brodjieski,Lastname,1
bromide,Keyword,1
bromine,Keyword,5
Bryan Barnes,ContactPoint,2
Bryan Biggs,Fullname,2
Bryant Bryant,Lastname,1
bug,Keyword,1
building control systems,Keyword,1
building materials,Keyword,1
buildings and construction,Topic,13
buildings,Keyword,3
bulk density,Keyword,2
bulk electric system,Keyword,1
bulk modulus,Keyword,1
Bundy Bundy,Lastname,1
Burns Burns,Lastname,1
butenes,Keyword,4
Butler Butler,Lastname,1
Butry T Butry,Lastname,1
c-log-log,Keyword,1
c++,Keyword,2
cabinet fires,Keyword,1
cad drawing,Keyword,1
cad,Keyword,2
cadmium,Keyword,5
cae,Keyword,1
Caitlin Steckler,Fullname,1
calcium carbonate,Keyword,1
calcium supplement,Keyword,1
calcium,Keyword,6
calculator,Keyword,1
calibration solutions,Keyword,1
calibration,Keyword,4
california,Keyword,2
californium,Keyword,5
Callahan Callahan,Lastname,2
calorific values,Keyword,2
calorimetry,Keyword,1
calphad,Keyword,1
Camillo Gentile,ContactPoint,1
cantilevers,Keyword,1
capillary electrophoresis,Keyword,1
carbides,Keyword,1
carbon dioxide,Keyword,14
carbon monitoring,Keyword,5
carbon nanotube composite,Keyword,1
carbon sequestration,Keyword,1
carbon,Keyword,6
carbonate,Keyword,1
Carl G. Simon Jr.,Fullname,3
Carl Simon,ContactPoint,1
Carlos A. Gonzalez,ContactPoint,1
Caromi Caromi,Lastname,1
Caromi M. Caromi,Lastname,1
carotenoids,Keyword,1
Carroll A. Carroll,Lastname,1
cast iron,Keyword,1
catalog,Keyword,1
Catherine Cooksey,ContactPoint,1
cations,Keyword,18
cbrs,Keyword,6
cccbdb,Keyword,2
Cedric J. Powell,ContactPoint,8
cell-image-data,Keyword,1
cell-image-reference-data,Keyword,1
cell therapy,Keyword,1
cell viability,Keyword,1
celluoloses,Keyword,1
cement; plaster of paris; microstructure; brick,Keyword,1
ceramic phase diagrams,Keyword,1
ceramics phase diagrams,Keyword,1
ceramics,Keyword,6
cerium,Keyword,6
certified reference material,Keyword,2
certified value,Keyword,8
certified values,Keyword,12
cesium,Keyword,5
cetacean,Keyword,1
cfcs,Keyword,4
ch4,Keyword,1
Chalmers J. Chalmers,Lastname,1
Chandler Becker,Fullname,1
Chandramohan Chandramohan,Lastname,1
character recognition,Keyword,4
characters,Keyword,4
charged particles,Keyword,1
Charles Camp Jr.,ContactPoint,1
Charles E. Miller,Fullname,1
Charles W. Clark,ContactPoint,1
Charlie Draper,Fullname,1
charpy,Keyword,1
chebyshev approximation,Keyword,1
chebyshev,Keyword,1
checklists,Keyword,1
CheeYee Tang,ContactPoint,1
chem-blast,Keyword,1
chemical analysis,Keyword,2
chemical data,Keyword,2
chemical engineering,Keyword,5
chemical identification,Keyword,1
chemical kinetics data,Keyword,1
chemical kinetics,Keyword,1
chemical leaks,Keyword,1
chemical potentials,Keyword,2
chemical process simulation,Keyword,1
chemical properties,Keyword,4
chemical reaction,Keyword,1
chemical reactions,Keyword,1
chemical shifts,Keyword,1
chemical structure,Keyword,1
chemical structures,Keyword,4
chemical systems,Keyword,2
chemical thermodynamics,Keyword,1
chemicals,Keyword,3
chemistry,Keyword,9
chemistry,Topic,55
chemometrics,Keyword,1
Chen Chen,Lastname,1
Chin-wen Chou,ContactPoint,1
chloride,Keyword,2
chlorine,Keyword,15
chlorofluorocarbons,Keyword,4
Chris A. Michaels,Fullname,1
Chris Muzny,ContactPoint,8
Christina Bergonzo,ContactPoint,1
Christopher Davis,ContactPoint,6
Christopher Saldana,Fullname,1
chromatography,Keyword,1
chromium,Keyword,5
Chunmei Liu,ContactPoint,1
cip,Keyword,1
circumstellar clouds,Keyword,1
classical interatomic potential,Keyword,1
classification,Keyword,1
clathrate hydrates,Keyword,1
Clayton Fain,Fullname,2
climate change,Keyword,1
Cline P. Cline,Lastname,1
clinical,Keyword,2
clock drift,Keyword,1
clusters,Keyword,1
cmms,Keyword,1
cnt-reinforced composites,Keyword,1
cnt,Keyword,1
co-benefits,Keyword,1
co2,Keyword,7
co3v2o8,Keyword,1
coal fly ash,Keyword,4
coal,Keyword,11
cobalt,Keyword,5
cocr,Keyword,1
codata,Keyword,1
code push to talk,Keyword,1
Coder B. Coder,Lastname,1
codes,Keyword,1
coexistence,Keyword,1
coke,Keyword,3
cold-formed steel,Keyword,1
cold-formed steel; shear walls; earthquake; fire; fire following earthquake,Keyword,1
collaboratory,Keyword,1
collisions,Keyword,2
columbium,Keyword,4
combinatorial methods,Keyword,1
combustion calorimetry,Keyword,1
combustion,Keyword,2
commission on atomic weights and isotopic abundances,Keyword,2
common data format; contest; district; elections; election results; jurisdiction; overvote; political office; political party; precinct; referendum; undervote,Keyword,1
communication,Keyword,1
communities,Keyword,1
community resilience planning,Keyword,1
community resilience,Keyword,1
comparison,Keyword,2
compartment fires,Keyword,1
complex document recognition,Keyword,2
compliance,Keyword,1
composite beams,Keyword,1
composite laminate,Keyword,1
compressed-liquids,Keyword,1
compressed natural gases,Keyword,2
compressors,Keyword,1
computation,Keyword,3
computational accuracies,Keyword,1
computational chemistry,Keyword,2
computational electromagnetics,Keyword,1
computational physics,Keyword,1
computational science in biological metrology,Keyword,1
computer-generated hologram,Keyword,1
computer crimes,Keyword,1
computer forensics,Keyword,1
condensed matters,Keyword,1
condition monitoring,Keyword,1
condon award,Keyword,1
conductance,Keyword,1
conductivity functions,Keyword,2
conductivity,Keyword,1
conformance,Keyword,2
conformity assessment,Keyword,1
Conrad Bock,Fullname,1
conservation,Keyword,1
consistency enforcement,Keyword,2
constants of diatomic molecules,Keyword,1
constants,Keyword,1
constitutive law,Keyword,1
constructed facilities,Keyword,1
controlled vocabulary,Keyword,1
convection of fluid,Keyword,1
conversion factors,Keyword,2
convolutional neural networks,Keyword,1
cooktop ignition,Keyword,1
cooling equipment,Keyword,4
cooling mode data,Keyword,1
cooling rate,Keyword,3
coordinate transformation,Keyword,1
coordinated universal time,Keyword,1
copernicium,Keyword,4
copper,Keyword,6
corner fires,Keyword,1
coronavirus,Keyword,1
corr,Keyword,2
correction factors,Keyword,1
corrosion,Keyword,3
cost effective,Keyword,1
cost,Keyword,2
costs,Keyword,1
cough,Keyword,1
coulombs,Keyword,1
Courtney Silverthorn,ContactPoint,2
covalent organic framework,Keyword,1
coverage range,Keyword,1
covid-19,Keyword,2
covid19,Keyword,1
cowan,Keyword,1
Cox Cox,Lastname,1
cqi,Keyword,1
cranberry juice,Keyword,1
cranberry,Keyword,1
crimes,Keyword,1
critical evaluation,Keyword,1
critical flow factors,Keyword,2
critical infrastructure,Keyword,1
critically-evaluated data,Keyword,1
critically evaluated data,Keyword,1
criticals,Keyword,2
cross-laminated timber; clt; fire; compartment; charring; ventilation,Keyword,1
cross-section,Keyword,2
cross sections,Keyword,1
crude oils,Keyword,1
cryogen,Keyword,2
cryogenics,Keyword,2
cryptocurrency mining,Keyword,1
cryptocurrency,Keyword,1
crystal data,Keyword,1
crystal structures,Keyword,2
crystal,Keyword,2
crystallography,Keyword,2
crystals,Keyword,1
cs-met computational metrology,Keyword,3
culture shift,Keyword,1
curium,Keyword,5
Curtis E. Curtis,Lastname,1
cve,Keyword,1
cvss,Keyword,1
cyber-physical systems,Keyword,4
cyber-security performance evaluation,Keyword,1
cyber crimes,Keyword,1
cybersecurity framework,Keyword,3
cybersecurity,Keyword,4
cyclic compounds,Keyword,1
cylinder,Keyword,1
d salient points,Keyword,1
d2d communication,Keyword,1
d2d,Keyword,4
Dadfarnia Dadfarnia,Lastname,1
Dan Kuester,ContactPoint,1
Dana Leaman,ContactPoint,1
Daniel Brodjieski,Fullname,1
Daniel Deredge,Fullname,1
Daniel Siderius,ContactPoint,3
Daniel Slichter,ContactPoint,1
Daniel Wheeler,ContactPoint,1
dark solitons,Keyword,1
darmstadtium,Keyword,4
Darragh O'Keeffe,Fullname,4
Darragh O'Keeffe,Lastname,2
Darrell Schlom,Fullname,1
dart-ms,Keyword,2
darwin information typing architecture,Keyword,1
data analysis sheets,Keyword,1
data analysis,Keyword,2
data cleaning,Keyword,1
data compiliation,Keyword,1
data curation,Keyword,1
data exchange,Keyword,1
data management,Keyword,1
data processing,Keyword,1
data retrieval,Keyword,2
data structures,Keyword,1
data,Keyword,1
database,Keyword,2
datacite,Keyword,1
David A. LaVan,ContactPoint,4
David Black,Fullname,1
David Cooper,ContactPoint,1
David D. Weis,Fullname,1
David Duewer,ContactPoint,1
David Flater,ContactPoint,1
David Griffith,Fullname,1
David Hoogerheide,ContactPoint,1
David J. Ross,ContactPoint,1
David Long,ContactPoint,2
David R. Black,ContactPoint,2
David Sheen,ContactPoint,3
David T Butry,Fullname,1
Davis D Davis,Lastname,1
Debra L. Kaiser,ContactPoint,1
decision guidance,Keyword,1
deep learning,Keyword,2
deep mutational scanning,Keyword,1
defect structures,Keyword,1
defect,Keyword,1
defects,Keyword,1
defense computer forensics laboratory,Keyword,1
degradation,Keyword,1
Demian Riccardi,ContactPoint,1
Demian Riccardi,Fullname,2
density functional theory,Keyword,3
density functional,Keyword,1
density,Keyword,5
deposition,Keyword,1
depth distribution function,Keyword,1
Deredge Deredge,Lastname,1
Derek Juba,ContactPoint,1
Dessauw Dessauw,Lastname,1
detection,Keyword,3
deuterium,Keyword,4
device-independent,Keyword,1
device-to-device,Keyword,4
dft,Keyword,2
diagnostics,Keyword,2
diatomic molecules,Keyword,1
dicalcium silicate; belite; dissolution kinetics; digital holographic microscopy,Keyword,1
dielectric constant,Keyword,1
dielectric virials,Keyword,1
dielectric,Keyword,1
dietary supplement,Keyword,2
dietary supplements,Keyword,7
differentials,Keyword,1
diffraction,Keyword,3
diffractive optics,Keyword,1
diffuse,Keyword,1
diffusion,Keyword,2
diffusivities,Keyword,2
diffusivity,Keyword,2
DiGangi DiGangi,Lastname,2
digital image correlation,Keyword,1
digital videos,Keyword,1
dimensional metrology,Keyword,2
dimers,Keyword,1
diode lasers,Keyword,1
dipole moment,Keyword,2
dirac hartree fock,Keyword,1
dirac,Keyword,2
direct analysis in real time mass spectrometry,Keyword,1
direct discovery,Keyword,2
direct mode,Keyword,2
discrete dipole approximation method,Keyword,1
discrete dipole approximation,Keyword,2
discrete manufacturing,Keyword,1
disinfection systems,Keyword,1
disorder,Keyword,1
disorders,Keyword,1
dispersion,Keyword,1
dissolution,Keyword,1
distortion,Keyword,1
distributed energy resource,Keyword,1
distribution grid management,Keyword,1
distribution system,Keyword,1
dita open toolkit,Keyword,1
dna barcode sequencing,Keyword,1
dna,Keyword,1
dnas,Keyword,1
document retrieval,Keyword,2
documentary standards,Keyword,1
dog bloods,Keyword,1
dog hemoglobins,Keyword,1
dog plasmas,Keyword,1
Domanski A. Domanski,Lastname,1
Donald Burgess,ContactPoint,1
Donald R. Burgess,ContactPoint,2
doublet separation,Keyword,1
doubly-charged,Keyword,1
doubly charged,Keyword,3
doubly ionized,Keyword,3
Douglas Thomas,ContactPoint,3
Douglas White,ContactPoint,1
Draper Draper,Lastname,1
drawing,Keyword,1
drugs,Keyword,3
dry cat food,Keyword,1
dubnium,Keyword,4
Duncan A. McGillivray,Fullname,1
durability,Keyword,1
Dustin Poppendieck,ContactPoint,1
dyes,Keyword,1
dynamic data evaluation,Keyword,1
dynamic programming,Keyword,2
dynamic protection areas (dpas).,Keyword,1
dysprosium,Keyword,5
dzyaloshinskii-moriya interaction,Keyword,1
e. coli,Keyword,1
E. Garboczi,Fullname,1
earthquake,Keyword,1
ebid,Keyword,1
ebsd,Keyword,1
economic analysis,Keyword,1
economic decision tool,Keyword,1
economic system,Keyword,1
economics,Keyword,3
eds,Keyword,1
Eduardo Harguindey,Fullname,1
Edward Garboczi,ContactPoint,1
Edward Sisco,ContactPoint,2
Edward Sisco,Fullname,3
edward uhler condon,Keyword,1
edx,Keyword,2
effective attenuation length,Keyword,1
efficiency measurement,Keyword,1
eigen value,Keyword,2
eigen vector,Keyword,1
einsteinium,Keyword,5
Eite Tiesinga,ContactPoint,1
elastic constants,Keyword,1
elastic modulus,Keyword,2
elastic registration,Keyword,1
elastic scattering,Keyword,3
elastic shape distance,Keyword,1
electric dipole moments,Keyword,3
electrical conductivity,Keyword,1
electrical properties,Keyword,1
electrical sensing zone,Keyword,1
electrical units,Keyword,1
electrolyte solutions,Keyword,1
electrolytes,Keyword,2
electromagnetic simulation,Keyword,1
electromagnetic simulations,Keyword,1
electron-impact ionization cross section,Keyword,1
electron-probe microanalysis,Keyword,3
electron affinity,Keyword,3
electron back scatter diffraction,Keyword,1
electron beam induced deposition,Keyword,1
electron diffractions,Keyword,1
electron energy-loss spectroscopy,Keyword,1
electron microscopy,Keyword,1
electron pair productions,Keyword,1
electron scattering,Keyword,3
electron spectroscopy for chemical analysis,Keyword,3
electron spectroscopy,Keyword,2
electron transport,Keyword,3
electronic and vibrational spectra,Keyword,1
electronic stopping powers,Keyword,1
electronic structures,Keyword,1
electronics,Keyword,1
electronics,Topic,11
electrons,Keyword,3
element,Keyword,4
elemental analysis,Keyword,7
elemental carbon,Keyword,1
elemental data,Keyword,3
elements,Keyword,6
elevated-temperature; high-strength structural bolts; shear loading,Keyword,1
elevated temperature,Keyword,1
Elizabeth DiGangi,Fullname,2
Ellen M. Voorhees,ContactPoint,2
Elyse Anderson,Fullname,1
Elyssia S. Gallagher,Fullname,2
embedding,Keyword,1
emf,Keyword,1
emission inventories,Keyword,1
emission spectrum,Keyword,2
enabling-scientific-linked-data-by-automation,Keyword,1
endmember extraction,Keyword,1
energies,Keyword,9
energy-dispersive x-ray spectroscopy,Keyword,1
energy conservations,Keyword,1
energy deficit correction,Keyword,1
energy dispersive x-ray spectroscopy,Keyword,3
energy efficiency,Keyword,2
energy gap,Keyword,1
energy levels,Keyword,2
energy minimization,Keyword,1
energy precision,Keyword,1
energy price projections,Keyword,1
energy,Keyword,24
energy,Topic,16
Engelbrecht-Wiggans Engelbrecht-Wiggans,Lastname,2
engineering biology,Keyword,1
engineering ceramics,Keyword,1
engineering design,Keyword,1
Enrico Lucon,ContactPoint,1
enthalpy,Keyword,4
entropy scaling; transport properties; molecular dynamics,Keyword,1
entropy,Keyword,4
environment and climate,Keyword,29
environment,Keyword,3
environment,Topic,18
environmental ageing,Keyword,1
environmental aging,Keyword,1
environmental degradation,Keyword,1
environmental impact,Keyword,1
environmental sensing capability (esc) sensors,Keyword,1
environmental sensing capability,Keyword,1
environmental sustainability,Keyword,1
environmental,Keyword,1
enzyme-catalyzed-reaction,Keyword,1
epidemic,Keyword,1
epidemiology,Keyword,1
equation of state,Keyword,3
equations of state,Keyword,5
equirectangular; octahedral; paraboloid; projection; sampling; texture map; transformation,Keyword,1
erbium,Keyword,5
Eric Eric,Lastname,1
Eric Marksz,ContactPoint,1
Eric Marksz,Fullname,1
Erica Sawyer,ContactPoint,1
Erin Adkins,ContactPoint,3
error motion,Keyword,1
esc,Keyword,1
esca,Keyword,3
Espada Espada,Lastname,1
ethanol,Keyword,1
Eugene Paulechka,Fullname,1
Eugene Song,ContactPoint,1
europium,Keyword,5
evaluated data,Keyword,1
evaluation and measurement science,Keyword,3
evaluation and measurement science.,Keyword,1
evaluation of 3d interest point detection,Keyword,1
evaluation of 3d interest point,Keyword,1
evaluation,Keyword,6
event sequences,Keyword,1
ewald,Keyword,1
excels,Keyword,2
excess values,Keyword,2
exchange-correlation comparison,Keyword,1
expanded polystyrene,Keyword,1
expanded uncertainty,Keyword,1
experimental data,Keyword,2
experimental database; experimental design; optimization; outlier detection; uncertainty analysis.,Keyword,1
experimental design,Keyword,2
experimental,Keyword,1
explainable models,Keyword,1
exploratory data analysis,Keyword,1
exposure,Keyword,1
extended corresponding states,Keyword,2
externalities,Keyword,1
extinction,Keyword,1
extrusion,Keyword,1
face covering,Keyword,1
face mask,Keyword,1
face,Keyword,3
facial recognition,Keyword,1
factor screening,Keyword,1
factory automation,Keyword,1
factory communication,Keyword,1
factory communications,Keyword,1
factory design,Keyword,1
factory operations,Keyword,1
factory simulation,Keyword,1
Faical Congo,ContactPoint,2
Fain Fain,Lastname,2
fat-soluble vitamins,Keyword,2
fatty acid methyl esters,Keyword,2
fatty acids,Keyword,4
fault detection and diagnosis data,Keyword,1
fdtd,Keyword,1
federal bureau of investigation,Keyword,1
federal incumbent,Keyword,1
federated-terms-building,Keyword,1
Felix Kim,ContactPoint,1
Felix Kim,Fullname,1
feret,Keyword,1
fermium,Keyword,4
Fernando Cintron,ContactPoint,1
ferromagnetic resonance,Keyword,1
fertilizer,Keyword,3
fertilizers,Keyword,1
fft,Keyword,2
fib-sem,Keyword,3
fib tomography,Keyword,1
fiber,Keyword,1
fibrous glass mat,Keyword,1
fibrous glass,Keyword,1
field aging,Keyword,1
file profiles,Keyword,1
filling pressure,Keyword,1
filter,Keyword,1
filters,Keyword,1
fine ceramics,Keyword,1
finger print software,Keyword,1
fingerprint,Keyword,1
fingerprints,Keyword,3
finite-difference time-domain,Keyword,1
finite-elements,Keyword,1
finite difference,Keyword,1
finite elements,Keyword,1
fire data,Keyword,1
fire deaths,Keyword,1
fire experiments,Keyword,1
fire injuries,Keyword,1
fire models,Keyword,1
fire safety,Keyword,2
fire standard effectiveness,Keyword,1
fire standards,Keyword,1
fire suppressant,Keyword,1
fire,Keyword,3
fire,Topic,14
firearms,Keyword,1
fires,Keyword,1
firmware,Keyword,1
first-principles calculations,Keyword,1
fish,Keyword,1
fisma,Keyword,1
fit,Keyword,2
fitness landscape,Keyword,1
fitness,Keyword,1
fitting,Keyword,2
fixed-fixed beams,Keyword,1
flame retardants,Keyword,2
flash calculations,Keyword,1
flat field,Keyword,1
flat histogram,Keyword,1
flaw,Keyword,1
flerovium,Keyword,4
flexible composite,Keyword,1
flexural strength,Keyword,2
flow cytometry,Keyword,1
flow imaging,Keyword,1
flow visualization,Keyword,1
fluid fluid systems,Keyword,1
fluid properties,Keyword,1
fluids,Keyword,7
fluorescence yields,Keyword,1
fluoride,Keyword,1
fluorinated,Keyword,2
fluorine,Keyword,5
focus variation,Keyword,1
focused ion-beam scanning electron microscopy,Keyword,2
focused ion-beam tomography,Keyword,2
folate vitamers,Keyword,1
folates,Keyword,1
folic acid,Keyword,1
food and nutrition,Keyword,19
food,Keyword,12
force-field,Keyword,1
force fields,Keyword,1
forensic dnas,Keyword,1
forensic science,Keyword,1
forensic,Keyword,4
forensics,Keyword,3
forensics,Topic,8
form factors,Keyword,1
forms identifications,Keyword,2
forms recognition,Keyword,2
Forster Forster,Lastname,2
fortran,Keyword,2
fossil fuel,Keyword,5
four-wave mixing,Keyword,1
fourier transform infrared spectroscopy,Keyword,1
fracture energy,Keyword,3
fracture toughness,Keyword,3
framework profile,Keyword,1
framework,Keyword,1
Francesca Tavazza,ContactPoint,1
Francis J. Lovas,ContactPoint,4
francium,Keyword,5
free energy,Keyword,1
free radicals,Keyword,1
freeform surfaces,Keyword,1
freons,Keyword,2
frequency-agile,Keyword,1
frequency comb,Keyword,2
frequency combs,Keyword,1
friction ridge,Keyword,3
front views,Keyword,1
frozen human serum,Keyword,5
frustrated magnetism,Keyword,1
ftir,Keyword,1
fuel-cell,Keyword,1
fugacity coefficients,Keyword,2
fundamental constants,Keyword,2
fundamental physical constants,Keyword,1
fundamental physical,Keyword,1
fundamentals,Keyword,3
fused silica,Keyword,1
fusion glycoprotein,Keyword,1
fuzzy fiber composites,Keyword,1
gaa,Keyword,2
gadolinium,Keyword,5
Gallagher S. Gallagher,Lastname,2
gallium,Keyword,5
galvanometer,Keyword,1
Gamboa Gamboa,Lastname,1
gamma-ray,Keyword,1
gamma rays,Keyword,2
Ganesh Srinivasan Anand,Fullname,1
Gann G Gann,Lastname,1
gantry,Keyword,1
Gao Gao,Lastname,1
garage,Keyword,1
Garberoglio Garberoglio,Lastname,1
Garboczi Garboczi,Lastname,1
gas and oil,Keyword,2
gas basicity,Keyword,1
gas chromatography,Keyword,2
gas phases,Keyword,4
gas species measurements,Keyword,1
gas,Keyword,1
gaseous,Keyword,3
gases,Keyword,7
gasolines,Keyword,1
gc-ms,Keyword,1
Gendler Gendler,Lastname,1
generic shape retrieval,Keyword,1
genome in a bottle,Keyword,1
genomics,Keyword,1
genotype-phenotype relationships,Keyword,1
geochronology,Keyword,1
Geoffrey Roest,Fullname,2
geology,Keyword,1
geophysics,Keyword,1
George M. Bou-Assaf,Fullname,1
Gerald T. Fraser,ContactPoint,2
Geraldine Cheok,ContactPoint,2
Gerbig B. Gerbig,Lastname,1
gerg 2004,Keyword,2
gerg 2008,Keyword,2
germanate base glasses,Keyword,2
germanium,Keyword,6
Gettings Gettings,Lastname,1
ghg concentration measurements,Keyword,3
ghg measurements,Keyword,1
gibbs energy,Keyword,1
gibbs,Keyword,2
Gilbert W Gilbert,Lastname,1
Gillian Nave,ContactPoint,2
Giovanni Garberoglio,Fullname,1
github pages template,Keyword,1
glasses,Keyword,1
glassy polymers,Keyword,1
Glemza Glemza,Lastname,1
global-data-integration-challenge-solutions,Keyword,1
global positioning system (gps),Keyword,1
glycosylation,Keyword,1
Golbig Golbig,Lastname,1
gold,Keyword,5
gps timestamp,Keyword,1
grain size,Keyword,3
graph database,Keyword,1
graphical interfaces,Keyword,2
graphics,Keyword,2
gratings,Keyword,2
Greene Greene,Lastname,1
greenhouse gas measurements and models,Keyword,2
greenhouse gas measurements,Keyword,1
greenhouse gas,Keyword,7
greenhouse gases,Keyword,8
Gregory Moille,ContactPoint,1
Gregory W. Vogl,ContactPoint,1
Greta Babakhanova,Fullname,1
Gretchen Greene,Fullname,1
Griffith Griffith,Lastname,1
Grishaev Grishaev,Lastname,1
gross heating values,Keyword,2
ground-source heat pump,Keyword,1
ground-state configuration,Keyword,1
ground-state level,Keyword,1
ground state,Keyword,2
ground states,Keyword,1
ground truth,Keyword,1
grouping,Keyword,2
gruneisen,Keyword,2
guarded hot plate,Keyword,4
Guillaume Sousa Amaral,Fullname,1
Guodong Chen,Fullname,1
Gurney R. Gurney,Lastname,5
hafnium,Keyword,6
Hageman S. Hageman,Lastname,1
Hagerstrom M. Hagerstrom,Lastname,1
half-life,Keyword,1
Hall A. Hall,Lastname,1
Hall Hall,Lastname,1
halogenated compounds,Keyword,1
halogenated methanes,Keyword,1
halogens,Keyword,1
hand-drawn sketch data,Keyword,1
hand printed characters,Keyword,2
hand prints,Keyword,2
hand writing recognition,Keyword,2
handprints,Keyword,2
haps,Keyword,1
Harguindey Harguindey,Lastname,1
Harold Booth,ContactPoint,1
Harold Hatch,ContactPoint,1
Harrison M. Skye,ContactPoint,1
Harvey H. Harvey,Lastname,4
hash keeper,Keyword,1
hashes,Keyword,1
hassium,Keyword,4
hawaii,Keyword,1
hazard probability,Keyword,1
hazardous air pollutants,Keyword,1
hcfcs,Keyword,4
hcr,Keyword,1
hdx-ms,Keyword,2
health markers,Keyword,2
health,Topic,11
heartbeat interval;,Keyword,1
heat capacity,Keyword,3
heat conductivities,Keyword,1
heat of formation,Keyword,1
heat pump data,Keyword,1
heat release rate,Keyword,1
heating,Keyword,1
heats,Keyword,2
heavy metals,Keyword,2
heavy waters,Keyword,3
Heigel C. Heigel,Lastname,1
Heigel C. Jarred,Fullname,1
Heigel Heigel,Lastname,2
height measurements,Keyword,1
Heiserman Heiserman,Lastname,1
Helen Qiao,ContactPoint,1
helium,Keyword,6
Hellmann Hellmann,Lastname,2
hemoglobins,Keyword,1
herschel-bulkley,Keyword,1
heterodyne frequency measurements,Keyword,1
hfcs,Keyword,5
high-resolution mass spectrometry,Keyword,1
high-temperature superconducting materials database,Keyword,1
high-temperature superconducting materials,Keyword,1
high-temperature,Keyword,1
high density molded fibrous glass board,Keyword,2
high performance computing visualization,Keyword,1
high purity chemical,Keyword,1
high t,Keyword,1
high tc superconductors,Keyword,1
high temperatures,Keyword,1
high throughput,Keyword,1
higher order lineshapes,Keyword,1
hill systems,Keyword,1
hindered rotor,Keyword,2
hitran,Keyword,1
hiv-protease-inhibitor-structure,Keyword,1
hiv-protein-crystal-data,Keyword,1
hmomm,Keyword,1
Ho Yeung,Fullname,1
hollow cathode lamp,Keyword,1
hollow cathode lamps,Keyword,1
Holmgren Holmgren,Lastname,1
holmium,Keyword,5
home fires,Keyword,1
homo lumo gap,Keyword,2
hormones,Keyword,1
hounsfield unit,Keyword,1
house dust,Keyword,1
Huang Huang,Lastname,4
Huang Y.-C. Huang,Lastname,1
Hudgens W. Hudgens,Lastname,2
Hui-Min Zhang,Fullname,1
human blood plasma,Keyword,1
human bloods,Keyword,1
human genomics; dna sequencing; reference materials,Keyword,1
human identity testings,Keyword,1
human labeling,Keyword,1
human plasma,Keyword,1
human serum,Keyword,1
Hutchins Hutchins,Lastname,2
hydrocarbon fuels,Keyword,1
hydrocarbons,Keyword,6
hydrochlorofluorocarbons,Keyword,5
hydrofluorocarbons,Keyword,3
hydrogen-deuterium exchange,Keyword,3
hydrogen and deuterium energy levels,Keyword,1
hydrogen and deuterium transition frequencies,Keyword,1
hydrogen exchange,Keyword,1
hydrogen fuel cells,Keyword,2
hydrogen in titanium,Keyword,1
hydrogen lithography,Keyword,1
hydrogen,Keyword,6
hydrothermal ageing,Keyword,2
hydrothermal degradation,Keyword,1
hydroxyl,Keyword,1
hydroxylated pahs,Keyword,2
hyperfine structure,Keyword,4
hyperspectral,Keyword,1
hyphenate-its 90,Keyword,1
hysplit,Keyword,1
Ian Bell,ContactPoint,9
Ian Bell,Fullname,1
Ian Soboroff,ContactPoint,1
icrus,Keyword,1
id-cv-icp-ms,Keyword,1
ideal-gas properties,Keyword,1
ideal gas,Keyword,2
identification,Keyword,3
iec 62264,Keyword,1
ifc,Keyword,1
ignition prevention,Keyword,1
ignore,Keyword,1
Igor Levin,ContactPoint,2
image analysis,Keyword,1
image format documentation,Keyword,1
image processing,Keyword,1
image software,Keyword,1
images,Keyword,2
implementation,Keyword,1
improvement,Keyword,1
in-situ,Keyword,1
in 625,Keyword,1
in situ measurements,Keyword,1
in625,Keyword,3
inaa,Keyword,1
inchi,Keyword,1
inchikey,Keyword,1
inconel 625,Keyword,1
incumbent protection,Keyword,1
incumbent radar detection,Keyword,1
indiana,Keyword,2
indianapolis,Keyword,2
indicators,Keyword,1
indium,Keyword,5
indoor air quality,Keyword,1
industrial communication,Keyword,1
industrial control system,Keyword,3
industrial control systems,Keyword,1
industrial control,Keyword,1
industrial engineering,Keyword,1
industrial insulation,Keyword,1
industrial wireless,Keyword,4
inelastic mean free path,Keyword,1
inelastic mean free paths,Keyword,1
inelastic scattering,Keyword,1
inertial measurement unit,Keyword,1
infant formula,Keyword,1
information centric networking,Keyword,1
information modeling,Keyword,1
information retrieval,Keyword,2
information search and retrieval,Keyword,1
information technology,Topic,111
information,Keyword,1
infra red,Keyword,2
infrared calibration standards,Keyword,1
infrared detection,Keyword,1
infrared frequency standards,Keyword,1
infrared spectra,Keyword,1
infrared spectroscopy,Keyword,1
infrastructure-for-semantic-terminology,Keyword,1
Inhee Park,Fullname,1
ink cards,Keyword,1
inner-shell ionization cross sections,Keyword,1
inorganic chemistry,Keyword,1
inorganic compounds,Keyword,2
inorganic materials,Keyword,1
inorganic structures,Keyword,1
inorganic,Keyword,4
input output,Keyword,1
insertion task,Keyword,1
instrumentation,Keyword,1
instrumented indentation,Keyword,1
insulating materials,Keyword,1
insulation,Keyword,1
insulator,Keyword,1
intact antibody,Keyword,1
integrated computational materials engineering,Keyword,1
integrated heat capacity,Keyword,2
intelligibility,Keyword,1
intensities,Keyword,1
inter-laboratory,Keyword,1
interaction parameters,Keyword,2
interatomic potentials,Keyword,1
interferometries,Keyword,1
interlaboratory comparison,Keyword,1
interlaboratory comparisons,Keyword,1
interlaboratory study,Keyword,2
interlaboratory,Keyword,1
internal rate of return,Keyword,1
international commission on radiation units and measurements,Keyword,1
international union for pure and applied chemistry,Keyword,3
internet time service,Keyword,1
internet,Keyword,1
internuclear distances,Keyword,2
interoperability,Keyword,5
interstellar molecules,Keyword,1
intrinsic aberration,Keyword,1
invention,Keyword,1
inverse problems,Keyword,1
investigations,Keyword,2
investment,Keyword,1
Ioannis Karageorgos,Fullname,1
Ioannis L. Karageorgos,Fullname,1
iodide,Keyword,1
iodine,Keyword,5
ion energetics,Keyword,1
ion fragmentation,Keyword,1
ionic liquids,Keyword,1
ionization-energies,Keyword,1
ionization-limits,Keyword,1
ionization balances,Keyword,1
ionization energy,Keyword,5
ionization potential,Keyword,5
ionization potentials,Keyword,1
ionizations,Keyword,1
ionized-atoms,Keyword,1
ionized atoms,Keyword,4
ions,Keyword,2
iot,Keyword,1
ir spectrum,Keyword,1
iridium,Keyword,5
iron ore,Keyword,4
iron oxide,Keyword,1
iron,Keyword,6
isa-95,Keyword,1
iso 148,Keyword,1
isoflavones,Keyword,1
isomerization enthalpies,Keyword,2
isomerization,Keyword,1
isotherm,Keyword,1
isotope shifts,Keyword,1
isotope,Keyword,1
isotopes,Keyword,1
isotopic composition,Keyword,1
isotopic fractionation,Keyword,1
Israel Lopez Coto,Fullname,1
it-tof,Keyword,1
its-90,Keyword,1
Jack Sklar,ContactPoint,1
Jaden Pieper,ContactPoint,5
James A. Carroll,Fullname,1
James Alexander Liddle,ContactPoint,1
James P. Cline,Fullname,1
James R. Whetstone,Fullname,4
James S. Sims,ContactPoint,1
James Whetstone,Fullname,1
Janiel J. Reed,ContactPoint,1
Jarred C. Heigel,Fullname,1
Jarred C. Jarred,Lastname,1
Jarred Heigel,Fullname,2
jarvis,Keyword,1
Jason B. Coder,Fullname,1
Jason Blake,Fullname,1
Jason C. Rouse,Fullname,1
Jason Fox,ContactPoint,1
Jason Hattrick-Simpers,ContactPoint,2
Javier Bernal,ContactPoint,3
Jayan Rammohan,ContactPoint,1
Jeanne Quimby,ContactPoint,1
Jeeseong C. Hwang,ContactPoint,1
Jeffrey Hudgens,ContactPoint,1
Jeffrey Marron,ContactPoint,2
Jeffrey W. Hudgens,ContactPoint,2
Jeffrey W. Hudgens,Fullname,2
jekyll-website,Keyword,1
Jennifer Helgeson,ContactPoint,2
Jennifer Lynch,ContactPoint,1
Jennifer Zhang,Fullname,1
Jessica Staymates,ContactPoint,1
Jianhua Huang,Fullname,4
Jianming Liang,Fullname,5
Jiann Yang,ContactPoint,1
Joel Helton,ContactPoint,1
Johanna Camara,ContactPoint,1
John D. Lambris,Fullname,1
John L. Pagliaro,ContactPoint,5
John Venable,Fullname,1
John Wack,ContactPoint,1
joint committee for atomic and molecular physical data,Keyword,1
Jonathan Wyrick,ContactPoint,1
Jooil Kim,Fullname,1
Joseph A. Falco,ContactPoint,1
Joseph Conny,ContactPoint,2
Joseph E. Curtis,Fullname,1
Joseph M. Conny,ContactPoint,2
josephson effects,Keyword,1
Joshua A. Taillon,Fullname,1
Joshua D. Kneifel,ContactPoint,1
Joshua Glemza,Fullname,1
Joshua Lubell,ContactPoint,2
Joshua Taillon,ContactPoint,2
joule-thomson,Keyword,2
Judah Levine,ContactPoint,1
juice,Keyword,1
julia,Keyword,1
June W. Lau,Fullname,1
Junxiao Shi,ContactPoint,1
Justin B. Sperry,Fullname,1
Justin Whiting,Fullname,1
Justin Zook,ContactPoint,1
Justyna Zwolak,ContactPoint,2
k-alpha,Keyword,2
k points,Keyword,1
kagome staircase lattice,Keyword,1
Kamal Choudhary,ContactPoint,1
Karageorgos Karageorgos,Lastname,1
Karageorgos L. Karageorgos,Lastname,1
Karen Garrity,ContactPoint,1
Karen Olsen,ContactPoint,4
Karion Karion,Lastname,3
Karl K. Irikura,ContactPoint,1
Karl Montgomery,ContactPoint,1
Kasper D. Rand,Fullname,1
Katherine E. Sharpless,ContactPoint,7
Katherine Gettings,ContactPoint,2
Katherine Gettings,Fullname,1
Katherine Sharpless,ContactPoint,2
Kathryn Miller,ContactPoint,1
Katy Keenan,ContactPoint,1
Keana Scott,ContactPoint,1
Keeling F. Keeling,Lastname,1
Keith A. Gillis,ContactPoint,1
kelp,Keyword,1
kerosenes,Keyword,1
Kerry Scott,Fullname,1
Kevin Brady,Fullname,1
Kevin G. Brady,ContactPoint,1
Kevin Kiesler,Fullname,1
Kevin McGrattan,ContactPoint,1
Kevin R. Gurney,Fullname,5
kff,Keyword,1
Kiesler Kiesler,Lastname,1
Kim Kim,Lastname,2
Kimberly Briggman,ContactPoint,1
kinetic fractionation,Keyword,1
kinetic theory,Keyword,1
kinetics database,Keyword,1
kinetics databases,Keyword,3
kinetics,Keyword,4
known file filters,Keyword,1
Kristal Verhulst,Fullname,1
Krueger Krueger,Lastname,1
krypton,Keyword,5
kurchatovium,Keyword,4
kw 888,Keyword,1
Kyle W. Anderson,Fullname,2
labor,Keyword,1
laboratory automation,Keyword,1
laboratory information management system (lims),Keyword,1
laboratory information management,Keyword,1
laboratory notebook,Keyword,1
lac repressor,Keyword,1
Lambris D. Lambris,Lastname,1
lamps,Keyword,1
landau-lifshitz-gilbert,Keyword,1
landscape analysis,Keyword,1
Lane Lane,Lastname,4
Lane Sander,ContactPoint,1
lanthanum,Keyword,6
large-scale benchmark,Keyword,2
laser absorption spectroscopy,Keyword,2
laser interference field,Keyword,1
laser metrology,Keyword,1
laser powder bed fusion,Keyword,4
laser stabilization,Keyword,1
laser,Keyword,1
latent,Keyword,2
latin-like-root-terminology-for-science,Keyword,1
lattice parameters,Keyword,2
lattice structure,Keyword,1
Lau W. Lau,Lastname,1
Laura T Pierce,Fullname,1
Lauvaux Lauvaux,Lastname,1
law enforcement,Keyword,2
Lawrence T. Hudson,ContactPoint,1
lawrencium,Keyword,4
lc-icp-ms,Keyword,1
lc-ms,Keyword,2
lc-uv,Keyword,1
lead,Keyword,5
Leanne Friedrich,ContactPoint,1
least-squares adjustment,Keyword,1
least squares adjustments,Keyword,1
least squares,Keyword,1
Lee L. Yu,ContactPoint,1
Lee Yu,ContactPoint,1
length measurements,Keyword,1
lennard-jones,Keyword,1
lennard jones,Keyword,3
Leurs Leurs,Lastname,1
Levine H. Levine,Lastname,1
Levine Levine,Lastname,1
Li Li,Lastname,1
Liang Liang,Lastname,5
license,Keyword,1
lidar,Keyword,1
life-cycle cost,Keyword,1
life-cycle costing,Keyword,1
light absorption,Keyword,1
light field cameras,Keyword,1
light obscuration,Keyword,1
light scattering,Keyword,2
line broadening,Keyword,1
linear algebra,Keyword,1
linear axis,Keyword,1
linear regressions,Keyword,1
liquid-state theory,Keyword,1
liquid chromatography tandem mass spectrometry,Keyword,1
liquid chromatography,Keyword,3
liquid concentration,Keyword,1
liquid density,Keyword,1
liquid equilibria,Keyword,2
liquid liquid systems,Keyword,1
liquid phases,Keyword,1
liquid pool fires,Keyword,1
liquid,Keyword,1
liquidus,Keyword,2
liquified natural gases,Keyword,2
Lisa Borsuk,ContactPoint,1
Lisa Borsuk,Fullname,1
Lisa Choe,ContactPoint,2
literature,Keyword,3
lithium,Keyword,5
lithographic layout,Keyword,1
livermorium,Keyword,4
local densities,Keyword,1
localization,Keyword,1
logistic regression,Keyword,1
Long Long,Lastname,1
long term evolution (lte),Keyword,3
loophole-free,Keyword,1
Lopez Coto Lopez Coto,Lastname,1
los angeles basin,Keyword,2
loss tangent,Keyword,1
low alloy steel,Keyword,1
low loss,Keyword,1
low noise microwave generation,Keyword,1
lte coverage,Keyword,1
lte,Keyword,6
lte; dynamic spectrum access; white space utilization,Keyword,1
lte; dynamic spectrum access; white space utilization; probability of interference,Keyword,1
Lu Lu,Lastname,1
Lucas Hale,ContactPoint,1
Lueker Lueker,Lastname,1
lumped-parameter simulation,Keyword,1
lunar,Keyword,1
lutetium,Keyword,5
Lyle Levine,Fullname,1
Lynden Shalm,ContactPoint,1
mac,Keyword,1
machine-friendly-vocabulary,Keyword,1
machine anvils,Keyword,1
machine learning models,Keyword,1
machine learning,Keyword,10
machine learning; synthetic temperature data; flashover occurrence prediction; smart firefighting,Keyword,1
machine tool,Keyword,1
machining,Keyword,1
macos,Keyword,1
magnesium,Keyword,6
magnetic resonance imaging,Keyword,1
magnetic structures,Keyword,1
magnetic,Keyword,1
maintenance,Keyword,2
maldi,Keyword,1
Malvina Papanastasiou,Fullname,1
manganese,Keyword,5
manufacturing operation management,Keyword,1
manufacturing operation,Keyword,1
manufacturing operations,Keyword,1
manufacturing performance,Keyword,1
manufacturing process models,Keyword,1
manufacturing profile,Keyword,1
manufacturing specification,Keyword,1
manufacturing,Keyword,27
manufacturing,Topic,40
Marcia Huber,ContactPoint,1
Marcia L. Huber,ContactPoint,2
Marcus H. Mendenhall,Fullname,1
Marcus Mendenhall,ContactPoint,2
Marcus Newrock,Fullname,1
Maria Dillard,ContactPoint,1
marine debris,Keyword,1
marine mammals,Keyword,2
Mark Alexander Henn,ContactPoint,4
Mark Iadicola,ContactPoint,1
Marksz Marksz,Lastname,1
mars,Keyword,1
martensitic phase transformation,Keyword,1
Mary Bedner,ContactPoint,1
Mary Brady,Fullname,1
maryland,Keyword,2
mask,Keyword,2
mass spectra,Keyword,5
mass spectrometry,Keyword,12
mass spectroscopy,Keyword,1
mass spectrum,Keyword,1
masses,Keyword,3
matching,Keyword,1
material database,Keyword,3
material databases,Keyword,2
material development,Keyword,1
materials-science,Keyword,1
materials data; materials data infrastructure; artificial intelligence; materials genome initiative,Keyword,1
materials genome initiative,Keyword,2
materials microscopy,Keyword,1
materials modeling,Keyword,1
materials properties,Keyword,3
materials science,Keyword,4
materials,Keyword,7
materials,Topic,69
mathematical functions,Keyword,1
mathematical physics,Keyword,1
mathematics and statistics,Topic,30
matrices; linear algebra; software testing,Keyword,1
Matthew Boyd,ContactPoint,1
Matthew Bundy,ContactPoint,1
Matthew Bundy,Fullname,1
Matthew E. Staymates,ContactPoint,1
Matthew Hoehler,ContactPoint,4
mattress fires,Keyword,1
maturity assessment,Keyword,1
maturity model,Keyword,1
maximal trace,Keyword,1
Maxwell Praniewicz,Fullname,1
Maya Hutchins,Fullname,2
mbsfn,Keyword,1
mbwr,Keyword,2
McGillivray A. McGillivray,Lastname,1
mcmc,Keyword,1
mcml ; light scattering ; optical scattering ; c++ ; parallel ; monte carlo ; inverse problem,Keyword,1
mcml ; light scattering ; optical scattering ; c++ ; parallel ; monte carlo,Keyword,1
mdcs,Keyword,1
measured transitions,Keyword,1
measurement analysis,Keyword,1
measurement science,Keyword,1
measurement,Keyword,4
measurements,Keyword,2
meat homogenate,Keyword,1
mechanical engineering,Keyword,2
mechanical properties,Keyword,5
mechanical testing,Keyword,2
medical imaging,Keyword,1
medical phantom,Keyword,1
medical,Keyword,1
Medina-Smith Medina-Smith,Lastname,1
megacities,Keyword,2
Mehdi Dadfarnia,Fullname,1
meitnerium,Keyword,4
melt pool length,Keyword,2
melt pool,Keyword,2
mems 5 in 1,Keyword,1
mems calculators,Keyword,1
mems,Keyword,1
mendelevium,Keyword,4
Mendenhall H. Mendenhall,Lastname,1
mercury,Keyword,20
mesa,Keyword,1
mesoscopic states,Keyword,1
metabolites,Keyword,2
metabolomics,Keyword,1
metadata,Keyword,1
metal complexes,Keyword,1
metal formates,Keyword,1
metal organic framework,Keyword,2
metal powder,Keyword,1
metal,Keyword,1
metallurgy,Keyword,1
metals,Keyword,16
meteorology,Keyword,3
methane,Keyword,6
methanol,Keyword,1
methodology,Keyword,1
metrics,Keyword,4
metrology,Topic,15
mgi informatics,Keyword,1
mgi,Keyword,1
Michael Butler,Fullname,1
Michael Donahue,ContactPoint,2
Michael Galler,ContactPoint,1
Michael J. Chalmers,Fullname,1
Michael P. Unterweger Jr.,ContactPoint,1
Michael Paul Majurski,ContactPoint,22
Michael R. Souryal,Fullname,3
Michael Souryal,ContactPoint,2
Michael Souryal,Fullname,1
Michael Stock,Fullname,2
Michael Winchester,ContactPoint,1
Michaels A. Michaels,Lastname,1
micro electro mechanical systems,Keyword,1
microfabrication,Keyword,1
micromagnetic modeling,Keyword,1
micromagnetic,Keyword,1
microprobe,Keyword,1
micrornas,Keyword,1
microscopy,Keyword,4
microstructure,Keyword,2
microwave digestion,Keyword,1
microwave spectra,Keyword,3
microwave spectroscopy,Keyword,1
microwave,Keyword,1
mie scattering,Keyword,1
Miller E. Miller,Lastname,1
millimeter-wave,Keyword,1
mimo,Keyword,1
min-max test,Keyword,1
Mina Seif,ContactPoint,1
mineral dust,Keyword,1
mineral names,Keyword,1
minerals,Keyword,2
mining,Keyword,1
mission critical push to talk (mcptt),Keyword,2
mission critical voice (mcv),Keyword,1
mitochondrial-protein-structure,Keyword,1
mixed crystal solid solutions,Keyword,1
mixed crystals,Keyword,1
mixture properties,Keyword,1
mixtures,Keyword,7
mml,Keyword,1
mmwave,Keyword,1
mobile manipulator,Keyword,1
model-based enterprise (mbe),Keyword,1
model-based metrology,Keyword,3
model-based systems engineering,Keyword,2
model calibration,Keyword,1
model fitting,Keyword,1
model transformation,Keyword,1
model validation,Keyword,3
model,Keyword,2
modeling and simulation research and numerical methods and software,Keyword,1
modeling,Keyword,4
modelings,Keyword,2
modified rhyme test (mrt),Keyword,1
modulated structures,Keyword,1
Mohammed A. Al-Naqshabandi,Fullname,1
molar masses,Keyword,2
molecular beam epitaxy,Keyword,1
molecular clouds,Keyword,1
molecular dynamics,Keyword,2
molecular geometry,Keyword,2
molecular lines,Keyword,1
molecular model,Keyword,1
molecular polarizability,Keyword,2
molecular simulation,Keyword,3
molecular spectroscopy,Keyword,1
molecular structure,Keyword,1
molecular vibrations,Keyword,3
molecule,Keyword,1
molecules,Keyword,1
Molnar Molnar,Lastname,1
molten salts,Keyword,1
molten systems,Keyword,1
molybdenum,Keyword,6
monoclonal antibody,Keyword,1
monte carlo methods,Keyword,1
monte carlo,Keyword,4
Moorthy S. Moorthy,Lastname,1
Moorty S. Moorty,Lastname,1
Moreaux Moreaux,Lastname,1
mott,Keyword,1
move list,Keyword,1
mri,Keyword,2
msp,Keyword,1
mtconnect,Keyword,1
mtdna,Keyword,1
Mudumbai Ranganathan,Fullname,1
mueller matrix,Keyword,1
mugshots,Keyword,1
multi-spectrum fitting,Keyword,1
multigrid,Keyword,1
multimodal queries,Keyword,1
multiply-charged,Keyword,1
multiply charged,Keyword,3
multivariate curve resolution,Keyword,1
mutation,Keyword,1
n2o,Keyword,1
n95,Keyword,1
nace,Keyword,2
named data networking,Keyword,1
nanocalorimeter,Keyword,4
nanocalorimetry,Keyword,4
nanocomposite,Keyword,1
nanomagnet,Keyword,1
nanomagnetics,Keyword,1
nanomaterial,Keyword,1
nanoparticle vaccine,Keyword,1
nanoparticles,Keyword,1
nanopore,Keyword,1
nanotechnology,Keyword,1
nanotechnology,Topic,9
nasctn,Keyword,1
Nate D. Orloff,Fullname,1
Nathanael David Olson,ContactPoint,1
national institute of justice,Keyword,1
national software reference library,Keyword,1
natural broadening,Keyword,1
natural gas fires,Keyword,1
natural gases,Keyword,3
natural language processing,Keyword,1
natural system,Keyword,1
nbs tables,Keyword,1
negative ions,Keyword,1
neodymium,Keyword,5
neon,Keyword,6
neptunium,Keyword,5
nerc,Keyword,1
nestor,Keyword,1
net heating values,Keyword,2
net present value,Keyword,1
neural networks,Keyword,2
neutral atoms,Keyword,4
neutral,Keyword,1
neutron diffraction,Keyword,3
neutron diffractions,Keyword,1
neutron interferometry,Keyword,1
neutron reflectometry reflectivity calculator web javascript d3,Keyword,1
neutron reflectometry,Keyword,1
neutron research,Keyword,1
neutron research,Topic,4
neutron scattering,Keyword,3
neutron spectroscopy data,Keyword,1
neutron spin-echo,Keyword,1
neutron,Keyword,1
neutrons,Keyword,2
Newrock Newrock,Lastname,1
nfrl,Keyword,2
Nguyen Nguyen,Lastname,1
Nguyen T. Nguyen,Lastname,2
Nicholas J Schaub,Fullname,1
Nicholas J. Schaub,Fullname,1
nickel alloy 625,Keyword,2
nickel super alloy 625,Keyword,3
nickel,Keyword,5
niobium,Keyword,5
Nirudodhi N. Nirudodhi,Lastname,1
nist chemical kinetics database,Keyword,1
nist mass spectral libraries,Keyword,1
nist publications,Keyword,1
nist technical reports,Keyword,1
nist thermodata engine,Keyword,1
nist,Keyword,4
nistmab,Keyword,1
nitrate,Keyword,1
nitrates,Keyword,1
nitric oxide,Keyword,1
nitrides,Keyword,1
nitroalkanes,Keyword,1
nitrogen,Keyword,7
nitrous oxide,Keyword,3
nitrous oxide; cavity ring-down spectroscopy,Keyword,1
nlp,Keyword,1
nmr,Keyword,1
nobelium,Keyword,4
node.js,Keyword,1
non aqueous systems,Keyword,1
nonaqueous systems,Keyword,1
nonclassicality,Keyword,1
nonlinear regressions,Keyword,1
nonrigid 3d models,Keyword,1
nonrigid 3d shape retrieval,Keyword,1
nonstructural components and systems; earthquake; seismic; performance,Keyword,1
normal hydrogens,Keyword,2
normalization,Keyword,2
northeast corridor,Keyword,1
nuclear data,Keyword,1
nuclear magnetic resonance,Keyword,3
nuclear pair productions,Keyword,1
nuclear physics,Keyword,2
nuclear stopping powers,Keyword,1
nuclear,Keyword,1
numerical accuracies,Keyword,1
numerical analysis,Keyword,1
numerical approximation,Keyword,2
nutrition,Keyword,15
nvd,Keyword,1
nvlap,Keyword,1
O'Keeffe O'Keeffe,Lastname,2
oar,Keyword,2
ocean,Keyword,1
oceans,Keyword,2
ockham criteria,Keyword,1
ocr,Keyword,5
off-network mode,Keyword,2
oh,Keyword,1
oles,Keyword,1
olive oils,Keyword,1
on-demand-ontology-nuggets,Keyword,1
oommf,Keyword,1
open access,Keyword,4
open data challenge,Keyword,1
open data,Keyword,1
open science,Keyword,1
openfoam,Keyword,1
optbayesexpt,Keyword,1
optical-microscope-cell-image,Keyword,1
optical clock,Keyword,1
optical frequency combs,Keyword,2
optical frequency division,Keyword,1
optical imaging,Keyword,1
optical interferometry,Keyword,1
optical microcavities,Keyword,1
optical modes,Keyword,1
optical property modeling,Keyword,1
optical resonators,Keyword,1
optical sorting,Keyword,1
optical tracking system,Keyword,1
optics,Keyword,1
optimization,Keyword,1
orbitals,Keyword,1
organic carbon aerosol,Keyword,1
organic carbon,Keyword,1
organic compounds - thermodynamics,Keyword,1
organic halides,Keyword,1
organic solvents,Keyword,1
organic,Keyword,2
organosulfur compounds,Keyword,1
oriented strand board,Keyword,1
Orloff D. Orloff,Lastname,1
orthohydrogens,Keyword,2
oscilloscope,Keyword,1
osmium,Keyword,5
outlier detection,Keyword,1
oval,Keyword,1
oxide glasses,Keyword,2
oxides,Keyword,1
oxygen,Keyword,6
oxynitrides,Keyword,1
ozone depletion,Keyword,1
ozone depletions,Keyword,3
pahs,Keyword,6
Paige Ramsey,Fullname,1
paleomagnetism,Keyword,1
palladium,Keyword,5
palm,Keyword,2
pandemic,Keyword,1
Pandey Pandey,Lastname,1
Papanastasiou Papanastasiou,Lastname,1
Paplawsky Paplawsky,Lastname,1
parahydrogens,Keyword,2
parallel algorithms,Keyword,1
parallel,Keyword,1
parametric down-conversion,Keyword,1
Park Park,Lastname,1
partial 3d models,Keyword,1
partial differential equations,Keyword,1
partial lifetime,Keyword,1
particle shape analysis,Keyword,1
particle tracking,Keyword,1
particle,Keyword,1
partition function,Keyword,1
Patarasuk Patarasuk,Lastname,3
patent,Keyword,2
pathogens,Keyword,1
Patricia A. Flanagan,ContactPoint,7
Patricia Flanagan,ContactPoint,3
Patrick L. Wintrode,Fullname,1
pattered defect inspection,Keyword,1
patterned semiconductors,Keyword,1
Paul Black,ContactPoint,1
Paul E. Black,ContactPoint,1
Paul Kienzle,ContactPoint,1
Paulechka Paulechka,Lastname,1
payback,Keyword,1
pbdes,Keyword,3
pbia,Keyword,1
pc,Keyword,1
pcbs,Keyword,8
pcdds,Keyword,2
pcdf,Keyword,2
pdb-ligands,Keyword,1
peanut butter,Keyword,1
peg-in-hole experiments,Keyword,1
peptide,Keyword,3
peptides,Keyword,1
per- and polyfluoroalkyl substances,Keyword,1
percent lipid,Keyword,1
perflourinated acids,Keyword,2
perfluorinated substances,Keyword,1
perfluoroalkyl substances,Keyword,1
performance evaluation,Keyword,1
performance excellence,Topic,1
performance measurement,Keyword,1
periodic table,Keyword,1
periodic tables,Keyword,1
permittivity,Keyword,1
personal identity verification,Keyword,1
Peskin R. Peskin,Lastname,1
pesticides,Keyword,5
Peter Bajcsy,ContactPoint,6
Peter Bajcsy,Fullname,3
Peter Bradley,ContactPoint,1
Peter Fontana,ContactPoint,1
Peter J. Mohr,ContactPoint,2
Peter Linstrom,ContactPoint,2
Peter Mohr,ContactPoint,1
Peter Salameh,Fullname,2
Peter Vallone,Fullname,1
petrochemicals,Keyword,2
petroleum coke,Keyword,1
petroleums,Keyword,1
pfas,Keyword,2
ph indicators,Keyword,1
ph,Keyword,2
Phan Phan,Lastname,1
phantom,Keyword,1
phantoms,Keyword,1
phase-field,Keyword,1
phase boundaries,Keyword,2
phase calibration,Keyword,1
phase coherence,Keyword,1
phase diagram,Keyword,1
phase diagrams,Keyword,3
phase equilibria diagrams,Keyword,1
phase equilibria,Keyword,6
phase equilibrium diagrams,Keyword,1
phase equilibrium; equation of state; numerical approximation; chebyshev expansion,Keyword,1
phase mapping,Keyword,1
phase transition,Keyword,1
phase,Keyword,2
phased-array antennas,Keyword,1
phenol metabolites,Keyword,2
phenols,Keyword,2
Philippe Dessauw,Fullname,1
phm,Keyword,1
phosphate base glasses,Keyword,2
phosphate,Keyword,4
phosphorus,Keyword,5
photoelectric attenuation coefficients,Keyword,1
photoelectron lineshapes,Keyword,1
photoelectron spectroscopy,Keyword,4
photoelectron,Keyword,3
photoemission,Keyword,3
photoionization asymmetry parameters,Keyword,1
photoionization cross sections,Keyword,1
photolithography,Keyword,1
photolysis,Keyword,1
photon-number resolved detection,Keyword,1
photon,Keyword,1
photonics,Keyword,1
photons,Keyword,1
photovoltaic,Keyword,3
phthalate metabolites,Keyword,2
physical constants,Keyword,1
physical properties,Keyword,2
physical system,Keyword,1
physical vapor,Keyword,1
physical,Keyword,3
physics,Keyword,18
physics,Topic,47
Pierce T Pierce,Lastname,1
Piotr A. Domanski,ContactPoint,3
Piotr A. Domanski,Fullname,1
pipeline,Keyword,1
pitzer,Keyword,2
piv,Keyword,1
pki,Keyword,1
plain,Keyword,3
Plante L. Plante,Lastname,1
plasma diagnostics,Keyword,1
plasma kinetics databases,Keyword,1
plasma physics,Keyword,1
plasma populations,Keyword,1
plasmas,Keyword,3
plastic,Keyword,1
platform,Keyword,2
platinum,Keyword,6
please,Keyword,1
plenoptic cameras,Keyword,1
plutonium,Keyword,5
pmc,Keyword,1
pmf of transport block consecutive losses (loss spurt).,Keyword,1
pmi,Keyword,2
point-based registration,Keyword,1
point cloud,Keyword,1
point group,Keyword,2
poisson statistics,Keyword,1
polarization,Keyword,1
polarized neutrons,Keyword,1
polarized,Keyword,1
pollution,Keyword,1
polonium,Keyword,5
polychlorinated naphthalenes,Keyword,1
polycrystal,Keyword,3
polycyclic aromatic compounds,Keyword,1
polycyclic aromatic hydrocarbons pahs thermochemistry chemical structures,Keyword,1
polycyclic aromatic hydrocarbons,Keyword,1
polyethylene,Keyword,1
polyfluoroalkyl substances,Keyword,1
polymer material,Keyword,1
polymer nanocomposite,Keyword,1
polymer nanocomposites,Keyword,1
polymer solution,Keyword,1
polymer,Keyword,1
polymers,Keyword,3
polypeptide,Keyword,1
polysorbate micelle,Keyword,1
polytype structures,Keyword,1
Pongetti Pongetti,Lastname,1
population,Keyword,1
populations,Keyword,1
porosity,Keyword,3
porous coordination polymer,Keyword,1
porous material,Keyword,2
portland cement,Keyword,1
potassium chloride,Keyword,2
potassium,Keyword,7
potential energy curves,Keyword,1
powder analysis,Keyword,1
powder bed fusion,Keyword,3
powder particles,Keyword,1
powder simulations,Keyword,1
power,Keyword,1
powers,Keyword,1
ppta,Keyword,2
practice of liquid chromatography,Keyword,1
Praniewicz Praniewicz,Lastname,1
praseodymium,Keyword,5
pre-25-hydroxyvitamin d,Keyword,1
precision,Keyword,3
precisionfda,Keyword,1
prediction,Keyword,3
Preeti Rao,Fullname,2
Prem Rachakonda,ContactPoint,1
pressure shift,Keyword,1
pressure,Keyword,1
pressurized fluid extraction,Keyword,1
primary measurement method,Keyword,1
printed characters,Keyword,5
Prinzivalli Prinzivalli,Lastname,2
probit,Keyword,1
process characterization,Keyword,1
process control system,Keyword,1
product data quality (pdq),Keyword,1
production systems,Keyword,1
profile views,Keyword,1
profiles,Keyword,2
prognostics,Keyword,2
projected ranges,Keyword,1
promethium,Keyword,5
propagation,Keyword,1
properties of water,Keyword,1
prose,Keyword,2
protactinium,Keyword,5
protein-catalyzed-reaction-energy,Keyword,1
protein aggregate,Keyword,1
protein drink mix,Keyword,1
protein particle,Keyword,1
protein,Keyword,4
proteolysis,Keyword,2
proteomics,Keyword,4
proton affinity,Keyword,1
proximity services,Keyword,2
Przemyslaw Klosowski,ContactPoint,1
pseudo pure fluids,Keyword,2
pt,Keyword,2
pubchem-structures,Keyword,1
public  safety  broadband  network,Keyword,1
public access plan,Keyword,2
public access,Keyword,3
public key infrastructure,Keyword,1
public safety communication,Keyword,4
public safety,Keyword,1
public safety,Topic,13
pubmed central,Keyword,1
pure fluids,Keyword,2
pure materials,Keyword,18
pv,Keyword,3
pyrometer,Keyword,1
python,Keyword,8
qif,Keyword,1
quadruply-charged,Keyword,1
quadruply charged,Keyword,3
quadruply ionized,Keyword,3
quality control,Keyword,1
quality,Keyword,1
quantified uncertainyy,Keyword,1
quantitation,Keyword,1
quantitative analysis,Keyword,2
quantum cascade lasers,Keyword,1
quantum chemistry,Keyword,2
quantum dots,Keyword,1
quantum electrodynamics,Keyword,1
quantum enhanced metrology,Keyword,1
quantum gate teleportation,Keyword,1
quantum information theory; quantum tomography; statistical analysis; uncertainty quantification; trapped ion,Keyword,2
quantum logic,Keyword,1
quantum optics,Keyword,1
quantum physics,Keyword,1
quantum,Keyword,1
query-by-example,Keyword,1
query-by-model,Keyword,1
rabbit bloods,Keyword,1
radar,Keyword,2
radiation effects,Keyword,1
radiation physics,Keyword,1
radiative forcing,Keyword,1
radiative lifetime,Keyword,1
radiative rate,Keyword,1
radio astronomy,Keyword,1
radio frequency propagation,Keyword,1
radio frequency signals,Keyword,1
radionuclides,Keyword,1
radium,Keyword,5
radon,Keyword,5
Raied Caromi,ContactPoint,4
Raied Caromi,Fullname,1
Raied M. Caromi,Fullname,1
Ralph F. Keeling,Fullname,1
raman spectroscopy,Keyword,1
Ramsey Ramsey,Lastname,1
Rand D. Rand,Lastname,1
random number generator,Keyword,1
random,Keyword,1
randomness,Keyword,1
Ranganathan Ranganathan,Lastname,1
range scans,Keyword,1
Rao Rao,Lastname,2
Raphael Barbau,ContactPoint,1
Raphael Barbau,Fullname,1
rare earth formates,Keyword,1
rate coefficient,Keyword,1
rate constant,Keyword,2
rate effects,Keyword,1
rate gyroscope,Keyword,1
rates of reaction,Keyword,1
Ratnesh Pandey,Fullname,1
Ray F. Weiss,Fullname,1
Raymond L. Plante,Fullname,1
Raymond Plante,ContactPoint,1
re-used-nuggets-of-ontology,Keyword,1
re-used-scalable-terminology,Keyword,1
re-used-use-case-friendly-terminology,Keyword,1
re charge,Keyword,1
reaction kinetics,Keyword,1
reaction rate constant,Keyword,1
reaction thermochemistry,Keyword,1
reaction,Keyword,1
readiness assessment,Keyword,1
receiver testing,Keyword,2
receptor.,Keyword,1
recognition,Keyword,3
recommended data,Keyword,1
record,Keyword,2
reduction,Keyword,1
reference data set,Keyword,1
reference function,Keyword,1
reference mass spectrum,Keyword,1
reference material,Keyword,2
reference materials,Keyword,5
reference states,Keyword,2
reference value,Keyword,8
reference values,Keyword,10
reflectance,Keyword,1
reflectometer,Keyword,1
reflectometry,Keyword,2
refractive index,Keyword,1
refractivity virials,Keyword,1
refractivity,Keyword,1
refrigerant,Keyword,1
refrigerants,Keyword,5
refrigeration,Keyword,2
refrigerations,Keyword,2
regenerative medicine,Keyword,1
Regina L. Avila,ContactPoint,2
Regis Kline,ContactPoint,1
registration error,Keyword,1
registration error.,Keyword,1
registration fiducials,Keyword,1
registration,Keyword,2
regression analysis,Keyword,2
regression,Keyword,1
relative atomic masses,Keyword,2
relativistics,Keyword,1
reliability,Keyword,3
remote sensing,Keyword,6
repeatability,Keyword,1
replicability,Keyword,1
representative isotopic compositions,Keyword,2
reproducibility crisis,Keyword,1
reproducibility,Keyword,3
reproducible,Keyword,2
reproduction,Keyword,1
research and analysis methods,Keyword,1
research area,Keyword,1
research data,Keyword,1
residential energy use; energy conservation; photovoltaics; net-zero energy; heating,Keyword,2
residual strains,Keyword,1
residual stress,Keyword,1
residual stresses,Keyword,1
resilience dividend,Keyword,2
resilience planning economics,Keyword,1
resilience,Keyword,2
resilience,Topic,2
resistance,Keyword,1
resistivity,Keyword,1
resolution; lytro cameras,Keyword,1
resonance broadening,Keyword,1
resonators,Keyword,1
respirable,Keyword,1
respiratory syncytial virus,Keyword,1
restapi,Keyword,1
retention index,Keyword,1
retinal pigment epithelial implants,Keyword,1
rf dataset,Keyword,1
rf,Keyword,1
rhenium,Keyword,6
rheology,Keyword,1
rhodium,Keyword,5
Riccardi Riccardi,Lastname,2
Richard A. Allen,ContactPoint,1
Richard A. Rouil,ContactPoint,1
Richard Candell Jr.,ContactPoint,2
Richard Candell,ContactPoint,5
Richard G Gann,Fullname,1
Richard Ricker,ContactPoint,3
Richard Rouil,Fullname,1
Richard Y.-C. Huang,Fullname,1
Rick D Davis,Fullname,1
rietveld profiles,Keyword,1
rietveld refinement,Keyword,1
rietveld,Keyword,1
rigid-body,Keyword,1
Risa Patarasuk,Fullname,3
risk management,Keyword,1
rm,Keyword,2
rm8671,Keyword,1
Robert D. McMichael,ContactPoint,2
Robert Gendler,Fullname,1
Robert Hellmann,Fullname,2
Robert Lipman,ContactPoint,3
Robert R. Lipman,ContactPoint,1
robot arm,Keyword,1
robotic hands,Keyword,1
robotics in manufacturing,Keyword,1
robotics,Keyword,5
rock magnetism,Keyword,1
Rodney Bryant,Fullname,1
roentgenium,Keyword,4
Roest Roest,Lastname,2
Roldan Pozo,ContactPoint,1
rolled,Keyword,3
Ronald Boisvert,ContactPoint,2
room temperature,Keyword,1
root-rule-based-terminology,Keyword,1
rotation matrix,Keyword,1
rotation,Keyword,1
rotational constants,Keyword,3
rotational spectra,Keyword,4
roughness,Keyword,2
Rouil Rouil,Lastname,1
round off,Keyword,1
rounding errors,Keyword,1
roundings,Keyword,1
Rouse C. Rouse,Lastname,1
rubidium,Keyword,5
ruddlesden-popper,Keyword,1
rule-based-linking-of-data,Keyword,1
rule-based-structural-data-graphs,Keyword,1
rule-based-vocabulary-building,Keyword,1
Russell Johnson,ContactPoint,2
ruthenium,Keyword,5
rutherfordium,Keyword,4
Ryan Falkenstein-Smith,ContactPoint,1
safety,Keyword,1
Sahoo Sahoo,Lastname,2
Salameh Salameh,Lastname,2
Saldana Saldana,Lastname,1
salt lake city,Keyword,2
salt waters,Keyword,1
salts,Keyword,1
Samantha Gamboa Quintiliani,ContactPoint,2
Samantha Gamboa,Fullname,1
samarium,Keyword,6
Samuel Ray,ContactPoint,1
Samuel Stavis,ContactPoint,1
Sanders Warner Sanders,Lastname,1
sanskrit-like-root-terminology-for-science,Keyword,1
Sarah Urata,Fullname,1
Sarkar Sarkar,Lastname,1
Sasidhar N. Nirudodhi,Fullname,1
saturated,Keyword,2
scalable quantum computing,Keyword,1
scandium,Keyword,5
scanning electron microscopy,Keyword,1
scanning tunneling microscope,Keyword,1
scap content validation,Keyword,1
scap,Keyword,3
scatter,Keyword,1
scatterfield microscopy,Keyword,1
scattering contributions,Keyword,1
scattering,Keyword,2
Schaub J Schaub,Lastname,1
Schaub J. Schaub,Lastname,1
scheduling,Keyword,1
schlieren imaging,Keyword,1
Schlom Schlom,Lastname,1
science,Keyword,1
scientific data,Keyword,1
Scott Glancy,ContactPoint,2
Scott Scott,Lastname,1
seabird,Keyword,2
seabirds,Keyword,2
seaborgium,Keyword,4
Sean Lehman,ContactPoint,1
searchable,Keyword,3
seawater ph,Keyword,1
seawater,Keyword,1
second cross virial coefficient,Keyword,2
security and forensics,Keyword,2
security content automation protocol,Keyword,1
security control,Keyword,1
security,Keyword,2
seebecks,Keyword,1
segmentation,Keyword,2
seized drug analysis,Keyword,1
seized drug,Keyword,2
selenium,Keyword,5
selfish mining,Keyword,1
sem,Keyword,1
semi empirical potential energy curves,Keyword,1
semiconductor equipment and materials international,Keyword,1
semiconductor metrology,Keyword,1
semiconductors,Keyword,3
sensing and perception,Keyword,1
sensor analysis,Keyword,1
sequence,Keyword,2
Sergey A. Tashkun,Fullname,1
Sergey Polyakov,ContactPoint,1
serum,Keyword,1
service life prediction,Keyword,1
Seth Baldelli,Fullname,1
Sexton Sexton,Lastname,1
shape analysis,Keyword,2
shape,Keyword,1
shear modulus,Keyword,2
shear wall,Keyword,1
Sheng Li,Fullname,1
short tandem repeats,Keyword,1
shrec contest,Keyword,1
si traceability,Keyword,1
si,Keyword,2
siam,Keyword,2
silicate base glasses,Keyword,2
silicium,Keyword,4
silicon carbide,Keyword,2
silicon,Keyword,6
siloxanes,Keyword,2
silver,Keyword,6
Simon G. Simon Jr.,Lastname,3
simulation input,Keyword,1
simulation programs,Keyword,1
simulation,Keyword,2
simulations,Keyword,2
single-cell,Keyword,1
single-element solutions,Keyword,4
single-transcript,Keyword,1
single crystal,Keyword,3
single crystals,Keyword,1
single element solutions,Keyword,14
single fiber tensile testing,Keyword,1
single fiber,Keyword,1
singly-charged,Keyword,1
singly charged,Keyword,4
singly ionized,Keyword,4
singular value decomposition,Keyword,2
Sisco Sisco,Lastname,3
sketch-based 3d model retrieval,Keyword,1
sketches,Keyword,1
skin,Keyword,1
slap,Keyword,1
small-angle neutron scattering,Keyword,2
small-angle x-ray scattering,Keyword,1
small angle x-ray scattering,Keyword,1
smart card,Keyword,1
smart grid,Keyword,2
smart manufacturing,Keyword,6
smoke alarms,Keyword,1
smoke detector utilization;smoke alarm utilization;small area estimation;nist tn 2020;spatial distribution,Keyword,1
smoke,Keyword,1
snp,Keyword,1
social system,Keyword,1
sodium,Keyword,5
software assurance,Keyword,2
software evaluations,Keyword,1
software performance,Keyword,1
software recognition,Keyword,5
software testing,Keyword,1
software,Keyword,6
softwares,Keyword,1
solar,Keyword,3
solder,Keyword,1
solid model,Keyword,1
solid states,Keyword,1
solid,Keyword,1
solubility data series,Keyword,1
solubility data,Keyword,1
solubility systems,Keyword,1
Song Song,Lastname,2
sorting,Keyword,2
sound speed,Keyword,1
sound speeds,Keyword,2
sound static analysis tool exposition,Keyword,1
source data stream,Keyword,1
Souryal R. Souryal,Lastname,3
Souryal Souryal,Lastname,1
Sousa Amaral Sousa Amaral,Lastname,1
southern oceanic air,Keyword,1
soxhlet extraction,Keyword,1
soy milk,Keyword,1
soy,Keyword,1
span,Keyword,1
sparse matrix,Keyword,1
sparse vector,Keyword,1
spc,Keyword,1
special functions,Keyword,1
specific heat inputs,Keyword,2
spectra,Keyword,6
spectral line profile,Keyword,1
spectral line shape,Keyword,1
spectral line shift,Keyword,1
spectral line width,Keyword,1
spectral lines,Keyword,1
spectral unmixing,Keyword,1
spectral,Keyword,1
spectrograph,Keyword,1
spectrometry,Keyword,18
spectroscopy,Keyword,6
spectrum access system,Keyword,1
spectrum sharing,Keyword,4
spectrum sharing.,Keyword,1
spectrum,Keyword,7
Sperry B. Sperry,Lastname,1
sphere segmentation,Keyword,1
spin wave,Keyword,1
spin waves,Keyword,1
squeezing,Keyword,1
Srinivasan Srinivasan Anand,Lastname,1
srm 131h,Keyword,1
srm 1546a,Keyword,1
srm 1849b,Keyword,1
srm 1950,Keyword,2
srm 2384,Keyword,1
srm 2387,Keyword,1
srm 2585,Keyword,1
srm 2950a,Keyword,1
srm 2973,Keyword,1
srm 3235,Keyword,1
srm 3239,Keyword,1
srm 3252,Keyword,1
srm 3262,Keyword,1
srm 3264,Keyword,1
srm 3281,Keyword,1
srm 3282,Keyword,1
srm 3287,Keyword,1
srm 3290,Keyword,1
srm 3532,Keyword,1
srm 3669,Keyword,1
srm 3949,Keyword,1
srm 909c,Keyword,1
srm 972a,Keyword,1
srm,Keyword,56
st. john's wort,Keyword,2
stability constants,Keyword,1
stable isotopes,Keyword,2
Stacy Schuur,ContactPoint,2
stainless steel,Keyword,2
standard-state corrections,Keyword,1
standard deviations,Keyword,1
standard generator,Keyword,1
standard line drawings,Keyword,1
standard reference data,Keyword,2
standard reference material,Keyword,49
standard reference materials,Keyword,10
standards,Keyword,3
standards,Topic,127
Stanley W Gilbert,Fullname,1
Stanley W. Gilbert,ContactPoint,2
stark broadening,Keyword,1
stark effect,Keyword,1
stark shift,Keyword,1
states,Keyword,2
static analysis,Keyword,1
statistical evaluation of isotopic abundances,Keyword,2
statistical mechanics,Keyword,1
statistical modeling,Keyword,1
statistical reference datasets,Keyword,1
statistical software,Keyword,1
statistics,Keyword,4
steam tables,Keyword,1
Steckler Steckler,Lastname,1
steel beam; localized fire; thermal and mechanical behavior; experimental test,Keyword,1
steel connections,Keyword,1
steel sheathed,Keyword,1
steel,Keyword,5
Steffen Steffen,Lastname,1
step file analyzer and viewer,Keyword,1
step,Keyword,2
Stephanie L. Outcalt,ContactPoint,1
Stephen E. Russek,ContactPoint,1
Stephen E. Stein,ContactPoint,2
Stephen Langer,ContactPoint,1
Stephen M Zimmerman,Fullname,1
Stephen M. Seltzer,ContactPoint,5
Stephen Stein,ContactPoint,1
Stephen Walker,Fullname,1
steps,Keyword,1
Steve Prinzivalli,Fullname,2
Steven J. Choquette,ContactPoint,98
stig,Keyword,1
stm,Keyword,1
Stock Stock,Lastname,2
str typings,Keyword,1
str,Keyword,2
strain engineering,Keyword,1
strain gradients,Keyword,1
strain,Keyword,1
strap braced,Keyword,1
stratosphere,Keyword,1
stray field,Keyword,1
strength,Keyword,2
stress gradients,Keyword,1
stress,Keyword,2
strip tensile testing,Keyword,1
strontium,Keyword,6
structural-resource-for-drug-design,Keyword,1
structural ceramics,Keyword,2
structural data,Keyword,2
structural fire effects,Keyword,1
structural properties,Keyword,2
structure predictions,Keyword,1
structures,Keyword,3
subcategories,Keyword,2
subcommittee for isotopic abundance,Keyword,2
subcritical and transcritical cycles,Keyword,1
substances,Keyword,2
subvisible particle,Keyword,1
sulfate,Keyword,1
sulfur,Keyword,22
sulphur,Keyword,4
summary statistics,Keyword,1
Sumona Sarkar,Fullname,1
supercritical co2,Keyword,2
supercritical fluids,Keyword,1
supercritical,Keyword,1
superlattice,Keyword,1
supply chain,Keyword,1
support-bath,Keyword,1
surface analysis,Keyword,8
surface databases,Keyword,1
surface deposition,Keyword,1
surface metrology,Keyword,1
surface science,Keyword,1
surface tension,Keyword,3
surface texture,Keyword,1
surface topography,Keyword,1
surface,Keyword,1
surfaces,Keyword,1
Susan Krueger,ContactPoint,1
Susan Krueger,Fullname,1
sustainable manufacturing,Keyword,1
synchroton radiations,Keyword,1
synchrotron,Keyword,1
synthetic sea water,Keyword,1
sysml,Keyword,3
system model,Keyword,1
systems engineering,Keyword,1
t1,Keyword,1
Taillon A. Taillon,Lastname,1
tailored baseline,Keyword,1
Takuma Nakamura,ContactPoint,1
Talapady N. Bhat,ContactPoint,6
Talapady N. Bhat,Fullname,1
Tamae M. Wong,Fullname,4
Tamae Wong,ContactPoint,5
tantalum,Keyword,5
target registration error.,Keyword,1
targeted chemical pressure,Keyword,1
targeted methods,Keyword,1
Tashkun A. Tashkun,Lastname,1
tax forms,Keyword,2
taxonomy,Keyword,1
Tayi S. Tayi,Lastname,1
technetium,Keyword,5
technical activities,Keyword,1
technical document images,Keyword,2
technology transfer,Keyword,1
tellurium,Keyword,6
tem,Keyword,2
temperature control.,Keyword,1
temperature dependent,Keyword,1
temperature effects,Keyword,2
temperature measurement,Keyword,2
temperature,Keyword,2
tensile strength,Keyword,2
tensile testing,Keyword,2
tensile,Keyword,1
terbium,Keyword,5
ternary mixtures,Keyword,1
ternary systems,Keyword,1
ternary,Keyword,1
Terrell Vanderah,ContactPoint,1
test bed,Keyword,2
test collections,Keyword,3
test method,Keyword,1
test structures,Keyword,1
test suite,Keyword,1
test,Keyword,3
testbed,Keyword,1
testing and certification (t&c).,Keyword,1
testing,Keyword,2
text processing,Keyword,2
text retrieval conferences,Keyword,2
text retrieval,Keyword,2
texture,Keyword,1
thallium,Keyword,6
Thao Nguyen,ContactPoint,1
Thao Nguyen,Fullname,1
Thao T. Nguyen,ContactPoint,2
Thao T. Nguyen,Fullname,2
theoretical physics,Keyword,1
theory,Keyword,1
thermal conductivity,Keyword,7
thermal diffusivity,Keyword,2
thermal expansion,Keyword,2
thermal insulation,Keyword,3
thermal insulations,Keyword,1
thermal optical transmission analysis,Keyword,1
thermal properties,Keyword,3
thermal statistics,Keyword,1
thermal,Keyword,2
thermo chemistry,Keyword,4
thermo physical,Keyword,3
thermochemical data,Keyword,7
thermochemical database,Keyword,1
thermochemical tables,Keyword,1
thermochemical,Keyword,2
thermochemistry,Keyword,6
thermocouple,Keyword,1
thermodataengine,Keyword,1
thermodynamic-data,Keyword,1
thermodynamic data,Keyword,6
thermodynamic properties,Keyword,6
thermodynamic,Keyword,1
thermodynamics research center,Keyword,2
thermodynamics,Keyword,9
thermoelectrics,Keyword,1
thermography,Keyword,3
thermometer,Keyword,1
thermometry,Keyword,1
thermoml,Keyword,2
thermophysical data,Keyword,2
thermophysical fluid property data,Keyword,1
thermophysical properties,Keyword,6
thermophysical property,Keyword,1
thermophysical,Keyword,3
thermophysics,Keyword,5
thermos,Keyword,2
thick,Keyword,1
Thien Phan,Fullname,1
thin-film analysis,Keyword,1
thin film,Keyword,1
Thomas A. Germer,ContactPoint,1
Thomas Allison,ContactPoint,2
Thomas Cleary,ContactPoint,1
Thomas Hedberg,ContactPoint,3
Thomas Lauvaux,Fullname,1
Thomas Pongetti,Fullname,1
Thomas W. Vetter,ContactPoint,1
thorium,Keyword,5
thulium,Keyword,5
Thurston Sexton,ContactPoint,2
Thurston Sexton,Fullname,1
ti launch pad,Keyword,1
ti64,Keyword,1
time allan deviation; timing errors; timing noise; timing offset; wireless system.,Keyword,1
time series,Keyword,1
time,Keyword,1
Timothy A. Hall,Fullname,1
Timothy Hall,Fullname,1
Timothy Lueker,Fullname,1
Timothy Sprock,ContactPoint,1
Timothy Zimmerman,ContactPoint,1
tin,Keyword,5
tissue engineering,Keyword,1
tissue,Keyword,1
tissues,Keyword,2
titan,Keyword,1
titanate,Keyword,1
titanium alloy,Keyword,1
titanium alloys,Keyword,1
titanium diboride,Keyword,2
titanium,Keyword,6
tomography,Keyword,1
tool,Keyword,1
toolmark,Keyword,1
tot,Keyword,1
total attenuation coefficients,Keyword,1
toxicology  pesticides,Keyword,2
trace elements,Keyword,9
trace evidence,Keyword,1
trace,Keyword,1
traceable,Keyword,2
training,Keyword,1
transformed-thermodynamics-property,Keyword,1
transition energies,Keyword,1
transition probabilities,Keyword,2
transition probability,Keyword,1
translation,Keyword,1
transport block success ratio (received/transmitted),Keyword,1
transport cross sections,Keyword,1
transport equations,Keyword,2
transport properties,Keyword,5
transport property data,Keyword,5
trappe,Keyword,1
trapped ions,Keyword,1
trc,Keyword,1
trec,Keyword,2
triatomic molecules,Keyword,1
tribal knowledge,Keyword,1
tricalcium aluminate,Keyword,1
triples,Keyword,2
triply-charged,Keyword,1
triply charged,Keyword,3
triply ionized,Keyword,3
tritium,Keyword,4
trojan detection,Keyword,1
trojan detection; artificial intelligence; ai; machine learning; adversarial machine learning;,Keyword,21
troposphere,Keyword,1
troubleshooting liquid chromatography,Keyword,1
trustworthiness,Keyword,1
tunability,Keyword,1
tungsten,Keyword,6
twinned crystals,Keyword,1
twinned,Keyword,1
two-photon absorption,Keyword,1
Tyler Diamond,ContactPoint,1
Tyler Martin,ContactPoint,1
Tyler S. Hageman,Fullname,1
ue-to-network relay,Keyword,3
Ulf Griesmann,ContactPoint,1
Ulrike Leurs,Fullname,1
ultraviolet,Keyword,2
uncertainty analysis,Keyword,3
uncertainty,Keyword,1
uncertaintyanalysis,Keyword,1
underground,Keyword,1
unicast,Keyword,1
united atom,Keyword,1
ununbium,Keyword,3
ununhexium,Keyword,3
ununoctium,Keyword,3
ununpentium,Keyword,3
ununquadium,Keyword,3
ununseptium,Keyword,3
ununtrium,Keyword,3
unununium,Keyword,3
uq,Keyword,1
Uran Veseshta,Fullname,1
uranium,Keyword,4
Urata Urata,Lastname,1
urban dust,Keyword,1
urban emissions modeling,Keyword,1
urban emissions,Keyword,6
urban greenhouse gas domes,Keyword,3
urine,Keyword,1
Ursula Kattner,ContactPoint,1
us customs services,Keyword,1
utah,Keyword,2
utc,Keyword,1
uv-vis,Keyword,1
uv vis spectrum,Keyword,1
uv vis,Keyword,1
uv,Keyword,1
v-nb-o thin films,Keyword,1
vacancy-production cross sections,Keyword,1
Vadim Okun,ContactPoint,1
validation,Keyword,1
Vallone Vallone,Lastname,1
value added,Keyword,1
van der waals broadening,Keyword,1
vanadium,Keyword,6
Vance (Wm.) Payne,ContactPoint,1
vapor compression cycles,Keyword,3
vapor liquid equilibrium,Keyword,1
vapor phase infrared,Keyword,1
vapor pressure,Keyword,1
vapor,Keyword,2
vaporized hydrogen peroxide (vhp),Keyword,1
variance analysis,Keyword,1
variant calling,Keyword,1
vector network analyzer,Keyword,1
vegetation canopy; drag coefficient; wind resistance,Keyword,1
Venable Venable,Lastname,1
Venkata S. Tayi,Fullname,1
ventilation and air conditioning equipment,Keyword,1
ventilation,Keyword,2
Verhulst Verhulst,Lastname,1
version control,Keyword,2
Veseshta Veseshta,Lastname,1
vibrating u-tube,Keyword,1
vibration frequencies,Keyword,2
vibrational frequencies,Keyword,2
vibrational frequency,Keyword,2
vibrational zero point energy,Keyword,2
vibrometries,Keyword,1
virial coefficients,Keyword,1
virtual instrument,Keyword,1
virus,Keyword,2
viruses,Keyword,1
viscosity data,Keyword,1
viscosity,Keyword,2
visible particle,Keyword,1
visualization research,Keyword,1
visualization,Keyword,2
visualizations,Keyword,1
vitamin c,Keyword,1
vitamin d metabolites,Keyword,2
Vladimir Diky,ContactPoint,2
Vladimir L. Orkin,ContactPoint,1
voc metabolites,Keyword,2
vocabularies,Keyword,1
voltage regulation,Keyword,1
volume,Keyword,1
volumetric liquid transfer,Keyword,1
voting,Keyword,1
vulnerability,Keyword,2
w,Keyword,1
wagner plots,Keyword,1
walk on spheres,Keyword,1
Walker Walker,Lastname,1
wall fires,Keyword,1
Walters T. Walters,Lastname,1
Ward L. Johnson,ContactPoint,1
washburn corrections,Keyword,1
water densities,Keyword,2
water properties,Keyword,2
water vapor pressures,Keyword,2
water,Keyword,2
wavelength,Keyword,1
wavelengths,Keyword,2
waxs,Keyword,1
weakness,Keyword,1
wear,Keyword,1
weather,Keyword,3
web,Keyword,3
website,Keyword,1
Weichao Gao,Fullname,1
Weis D. Weis,Lastname,1
Weiss F. Weiss,Lastname,1
Wesley Garey,ContactPoint,1
Wesley Griffin,ContactPoint,1
Whetstone R. Whetstone,Lastname,4
Whetstone Whetstone,Lastname,1
Whitenton Eric,Fullname,1
Whiting Whiting,Lastname,1
whole-genome sequencing,Keyword,1
wi-fi,Keyword,1
William Callahan,Fullname,2
William E. Wallace III,ContactPoint,1
William F. Guthrie,ContactPoint,2
William Healy,ContactPoint,1
William Luecke,ContactPoint,2
William M. Healy,ContactPoint,2
William Osborn,ContactPoint,1
William Stuart Dols,ContactPoint,1
William Wallace,ContactPoint,1
William Z. Bernstein,ContactPoint,2
windows,Keyword,1
winnforum,Keyword,1
Wintrode L. Wintrode,Lastname,1
wireless communication,Keyword,4
wireless communications,Keyword,3
wireless networking,Keyword,1
wireless performance evaluation,Keyword,1
wireless sensor networks,Keyword,2
wireless,Keyword,3
Wong M. Wong,Lastname,4
workcell,Keyword,1
world trade center investigation,Keyword,1
wrf-chem,Keyword,1
Wunderlich J. Wunderlich,Lastname,1
Wunderlich Wunderlich,Lastname,1
wwavelengths,Keyword,1
x-ray absorption,Keyword,1
x-ray computed tomography ; medical phantom ; hounsfield unit ; volume ; shape,Keyword,4
x-ray computed tomography ; optical fiber ; panchromatic sharpening,Keyword,1
x-ray computed tomography,Keyword,1
x-ray computed tomography. spherical harmonics,Keyword,1
x-ray diffraction,Keyword,1
x-ray emission cross sections,Keyword,1
x-ray photoelectron spectroscopy,Keyword,5
x-ray scattering,Keyword,1
x-ray spectroscopy,Keyword,2
x-ray,Keyword,3
x-rays,Keyword,1
x ray crystallography,Keyword,1
x ray diffraction,Keyword,1
x ray diffractions,Keyword,1
x ray photoelectron spectroscopy,Keyword,2
x ray wavelengths,Keyword,1
x rays,Keyword,4
x3d,Keyword,1
x3dom,Keyword,1
xccdf,Keyword,1
xenon,Keyword,5
Xiaojun Lu,Fullname,1
Xiaoyu Alan Zheng,ContactPoint,1
xml schema,Keyword,1
xml,Keyword,2
xps,Keyword,4
xray powder diffraction; diverging beam diffractometer; powder diffraction srm,Keyword,1
xray power diffraction; diverging beam diffractometer; power diffraction srm,Keyword,1
xray,Keyword,2
xrays,Keyword,2
xrd,Keyword,1
y123 superconductor,Keyword,1
Ya-Shian Li-Baboud,ContactPoint,1
Yang Song,Fullname,2
yarn testing,Keyword,1
Yeung Yeung,Lastname,1
Yishen Sun,ContactPoint,1
Yong Wan,ContactPoint,1
young's modulus measurements,Keyword,1
ytterbium,Keyword,6
yttrium,Keyword,5
Yuri Ralchenko,ContactPoint,3
Yuyu Zhou,Fullname,2
Yuyu Zhou,Lastname,2
Yvonne B. Gerbig,Fullname,1
Yvonne Gerbig,ContactPoint,1
Z. H. Levine,Fullname,1
Zachary H. Levine,ContactPoint,2
Zachary Levine,ContactPoint,8
zeeman broadening,Keyword,1
zeeman effect,Keyword,1
zeolite,Keyword,1
zeotropic mixtures,Keyword,1
zero-point energies,Keyword,2
Zhang Zhang,Lastname,2
Zimmerman M Zimmerman,Lastname,1
zinc,Keyword,5
zirconium dioxide,Keyword,2
zirconium,Keyword,5
zn soaps,Keyword,1
